scenario,scenario_type,relative_path,length
2021.08.18.18.32.06_veh-28_00981_01223,on_intersection,2021.08.18.18.32.06_veh-28_00981_01223/on_intersection/d5dece8339f853ae/trajectory.gz,8
2021.08.18.18.32.06_veh-28_00981_01223,stationary,2021.08.18.18.32.06_veh-28_00981_01223/stationary/68a57c337c33545f/trajectory.gz,8
2021.08.20.13.40.56_veh-28_00173_00328,on_stopline_crosswalk,2021.08.20.13.40.56_veh-28_00173_00328/on_stopline_crosswalk/679be58bbcfb57cb/trajectory.gz,8
2021.08.20.13.40.56_veh-28_00173_00328,traversing_crosswalk,2021.08.20.13.40.56_veh-28_00173_00328/traversing_crosswalk/7b2a02544d3a5d5a/trajectory.gz,8
2021.08.20.13.40.56_veh-28_00173_00328,traversing_traffic_light_intersection,2021.08.20.13.40.56_veh-28_00173_00328/traversing_traffic_light_intersection/4c38568f6ada5ae4/trajectory.gz,8
2021.08.20.13.59.49_veh-28_00570_00835,traversing_traffic_light_intersection,2021.08.20.13.59.49_veh-28_00570_00835/traversing_traffic_light_intersection/6eed37d3337b512c/trajectory.gz,8
2021.08.20.13.59.49_veh-28_00956_01631,medium_magnitude_speed,2021.08.20.13.59.49_veh-28_00956_01631/medium_magnitude_speed/00730858257e55ca/trajectory.gz,8
2021.08.20.13.59.49_veh-28_00956_01631,on_traffic_light_intersection,2021.08.20.13.59.49_veh-28_00956_01631/on_traffic_light_intersection/799622f1492a5022/trajectory.gz,8
2021.08.20.13.59.49_veh-28_00956_01631,stationary,2021.08.20.13.59.49_veh-28_00956_01631/stationary/ded65731fc435a71/trajectory.gz,8
2021.08.20.13.59.49_veh-28_00956_01631,stationary_at_traffic_light_with_lead,2021.08.20.13.59.49_veh-28_00956_01631/stationary_at_traffic_light_with_lead/12cad37dd3c35194/trajectory.gz,8
2021.08.20.14.45.02_veh-28_00278_00472,high_magnitude_speed,2021.08.20.14.45.02_veh-28_00278_00472/high_magnitude_speed/b0be8700cf0854d3/trajectory.gz,8
2021.08.20.18.15.01_veh-28_00016_00436,traversing_crosswalk,2021.08.20.18.15.01_veh-28_00016_00436/traversing_crosswalk/50a0e807c7d05c08/trajectory.gz,8
2021.08.20.18.16.02_veh-40_00684_00971,near_multiple_vehicles,2021.08.20.18.16.02_veh-40_00684_00971/near_multiple_vehicles/29c8ec84ae9d5915/trajectory.gz,8
2021.08.23.17.05.22_veh-40_00030_00318,traversing_intersection,2021.08.23.17.05.22_veh-40_00030_00318/traversing_intersection/111358d77d595c14/trajectory.gz,8
2021.08.23.17.05.22_veh-40_00030_00318,traversing_traffic_light_intersection,2021.08.23.17.05.22_veh-40_00030_00318/traversing_traffic_light_intersection/507ab3e1e3735086/trajectory.gz,8
2021.08.23.17.05.22_veh-40_00724_00979,traversing_traffic_light_intersection,2021.08.23.17.05.22_veh-40_00724_00979/traversing_traffic_light_intersection/6d15e20409e35a07/trajectory.gz,8
2021.08.23.17.05.22_veh-40_00990_01496,stationary,2021.08.23.17.05.22_veh-40_00990_01496/stationary/461d483a728651cc/trajectory.gz,8
2021.08.23.17.05.22_veh-40_00990_01496,stationary,2021.08.23.17.05.22_veh-40_00990_01496/stationary/c359627d32f454f6/trajectory.gz,8
2021.08.23.17.05.22_veh-40_00990_01496,stationary_at_traffic_light_without_lead,2021.08.23.17.05.22_veh-40_00990_01496/stationary_at_traffic_light_without_lead/06ba07d838c35ea0/trajectory.gz,8
2021.08.23.17.05.22_veh-40_00990_01496,stationary_at_traffic_light_without_lead,2021.08.23.17.05.22_veh-40_00990_01496/stationary_at_traffic_light_without_lead/7f800139f7dd5711/trajectory.gz,8
2021.08.23.18.02.44_veh-40_01476_01735,traversing_traffic_light_intersection,2021.08.23.18.02.44_veh-40_01476_01735/traversing_traffic_light_intersection/5a3113d3333356ca/trajectory.gz,8
2021.08.23.18.07.38_veh-28_00976_01322,stationary_at_traffic_light_without_lead,2021.08.23.18.07.38_veh-28_00976_01322/stationary_at_traffic_light_without_lead/4732c01591f257c9/trajectory.gz,8
2021.08.23.18.38.30_veh-40_00297_00688,medium_magnitude_speed,2021.08.23.18.38.30_veh-40_00297_00688/medium_magnitude_speed/fa97019cb3205515/trajectory.gz,8
2021.08.23.18.38.30_veh-40_00985_01251,medium_magnitude_speed,2021.08.23.18.38.30_veh-40_00985_01251/medium_magnitude_speed/e1c764e511515749/trajectory.gz,8
2021.08.24.14.40.55_veh-28_00016_00503,on_stopline_stop_sign,2021.08.24.14.40.55_veh-28_00016_00503/on_stopline_stop_sign/75acb84017ae52d2/trajectory.gz,8
2021.08.25.13.48.45_veh-28_00573_01170,stationary_at_traffic_light_with_lead,2021.08.25.13.48.45_veh-28_00573_01170/stationary_at_traffic_light_with_lead/4f00fdd328f15e35/trajectory.gz,8
2021.08.25.13.48.45_veh-28_00573_01170,stationary_at_traffic_light_with_lead,2021.08.25.13.48.45_veh-28_00573_01170/stationary_at_traffic_light_with_lead/fdadee6658105f99/trajectory.gz,8
2021.08.25.13.48.45_veh-28_00573_01170,stationary_in_traffic,2021.08.25.13.48.45_veh-28_00573_01170/stationary_in_traffic/d56595ccddb25512/trajectory.gz,8
2021.08.25.17.55.51_veh-41_00339_00964,medium_magnitude_speed,2021.08.25.17.55.51_veh-41_00339_00964/medium_magnitude_speed/54dcabb6b7f75673/trajectory.gz,8
2021.08.25.17.55.51_veh-41_00339_00964,medium_magnitude_speed,2021.08.25.17.55.51_veh-41_00339_00964/medium_magnitude_speed/7ad3fb5bc6e85c44/trajectory.gz,8
2021.08.25.17.55.51_veh-41_00339_00964,near_trafficcone_on_driveable,2021.08.25.17.55.51_veh-41_00339_00964/near_trafficcone_on_driveable/0d4c8c7d94ff518f/trajectory.gz,8
2021.08.25.17.55.51_veh-41_00339_00964,traversing_traffic_light_intersection,2021.08.25.17.55.51_veh-41_00339_00964/traversing_traffic_light_intersection/accb14ab2a955bc3/trajectory.gz,8
2021.08.25.19.22.51_veh-41_01392_01637,high_magnitude_speed,2021.08.25.19.22.51_veh-41_01392_01637/high_magnitude_speed/1b68f5861ee55c4c/trajectory.gz,8
2021.08.25.19.22.51_veh-41_01392_01637,high_magnitude_speed,2021.08.25.19.22.51_veh-41_01392_01637/high_magnitude_speed/69b51f1bca2a5411/trajectory.gz,8
2021.08.26.17.48.33_veh-28_01114_01549,low_magnitude_speed,2021.08.26.17.48.33_veh-28_01114_01549/low_magnitude_speed/f29ffde9c6925457/trajectory.gz,8
2021.08.26.19.35.22_veh-28_00370_00745,high_magnitude_speed,2021.08.26.19.35.22_veh-28_00370_00745/high_magnitude_speed/26073b79439a519f/trajectory.gz,8
2021.08.26.19.35.22_veh-28_00370_00745,stationary,2021.08.26.19.35.22_veh-28_00370_00745/stationary/ce40331712dd5061/trajectory.gz,8
2021.08.26.19.35.22_veh-28_00899_01167,traversing_intersection,2021.08.26.19.35.22_veh-28_00899_01167/traversing_intersection/4c5b270803f65f8e/trajectory.gz,8
2021.08.26.19.35.22_veh-28_00899_01167,traversing_intersection,2021.08.26.19.35.22_veh-28_00899_01167/traversing_intersection/93bb38c0c34e5c60/trajectory.gz,8
2021.08.27.17.45.33_veh-40_00586_00981,traversing_traffic_light_intersection,2021.08.27.17.45.33_veh-40_00586_00981/traversing_traffic_light_intersection/625f23ce06555e0b/trajectory.gz,8
2021.08.27.17.45.33_veh-40_00586_00981,traversing_traffic_light_intersection,2021.08.27.17.45.33_veh-40_00586_00981/traversing_traffic_light_intersection/f12359e5fd355994/trajectory.gz,8
2021.08.27.18.20.07_veh-40_02164_02845,stationary_at_traffic_light_with_lead,2021.08.27.18.20.07_veh-40_02164_02845/stationary_at_traffic_light_with_lead/3ff23cc284b8526b/trajectory.gz,8
2021.09.01.11.35.51_veh-40_00389_00834,near_long_vehicle,2021.09.01.11.35.51_veh-40_00389_00834/near_long_vehicle/4c1b77f9e7c15087/trajectory.gz,8
2021.09.01.11.35.51_veh-40_00389_00834,stationary_at_traffic_light_with_lead,2021.09.01.11.35.51_veh-40_00389_00834/stationary_at_traffic_light_with_lead/5cde617a43205512/trajectory.gz,8
2021.09.01.11.35.51_veh-40_00389_00834,stationary_at_traffic_light_with_lead,2021.09.01.11.35.51_veh-40_00389_00834/stationary_at_traffic_light_with_lead/90c8435e690d5aca/trajectory.gz,8
2021.09.01.11.35.51_veh-40_00389_00834,stationary_at_traffic_light_without_lead,2021.09.01.11.35.51_veh-40_00389_00834/stationary_at_traffic_light_without_lead/70bc147666955265/trajectory.gz,8
2021.09.01.11.35.51_veh-40_00389_00834,stopping_at_traffic_light_without_lead,2021.09.01.11.35.51_veh-40_00389_00834/stopping_at_traffic_light_without_lead/5298504c9e0c5ccf/trajectory.gz,8
2021.09.01.12.09.01_veh-40_00284_00512,traversing_intersection,2021.09.01.12.09.01_veh-40_00284_00512/traversing_intersection/ce9ec3eee6725c6d/trajectory.gz,8
2021.09.01.12.09.01_veh-40_01326_01537,high_magnitude_speed,2021.09.01.12.09.01_veh-40_01326_01537/high_magnitude_speed/abd446980a6f5a5e/trajectory.gz,8
2021.09.01.12.09.01_veh-40_01326_01537,high_magnitude_speed,2021.09.01.12.09.01_veh-40_01326_01537/high_magnitude_speed/b30acad7e5a15684/trajectory.gz,8
2021.09.01.13.17.48_veh-40_00490_01142,high_magnitude_speed,2021.09.01.13.17.48_veh-40_00490_01142/high_magnitude_speed/b34cc37c1cb15e67/trajectory.gz,8
2021.09.01.13.17.48_veh-40_00490_01142,stationary,2021.09.01.13.17.48_veh-40_00490_01142/stationary/729ad3d31bf9517f/trajectory.gz,8
2021.09.01.13.17.48_veh-40_00490_01142,stationary,2021.09.01.13.17.48_veh-40_00490_01142/stationary/b6ee3c22b7ec5a2f/trajectory.gz,8
2021.09.01.13.17.48_veh-40_00490_01142,traversing_traffic_light_intersection,2021.09.01.13.17.48_veh-40_00490_01142/traversing_traffic_light_intersection/a1c8888e658a5889/trajectory.gz,8
2021.09.01.13.51.23_veh-40_00962_01574,stationary,2021.09.01.13.51.23_veh-40_00962_01574/stationary/824e5fbba3455fad/trajectory.gz,8
2021.09.01.14.26.59_veh-40_00900_01360,low_magnitude_speed,2021.09.01.14.26.59_veh-40_00900_01360/low_magnitude_speed/fef06f964f5a5907/trajectory.gz,8
2021.09.01.14.26.59_veh-40_00900_01360,on_stopline_crosswalk,2021.09.01.14.26.59_veh-40_00900_01360/on_stopline_crosswalk/c72277564e5550ee/trajectory.gz,8
2021.09.01.14.26.59_veh-40_00900_01360,traversing_traffic_light_intersection,2021.09.01.14.26.59_veh-40_00900_01360/traversing_traffic_light_intersection/5c2fd014c4a3536d/trajectory.gz,8
2021.09.01.14.26.59_veh-40_00900_01360,traversing_traffic_light_intersection,2021.09.01.14.26.59_veh-40_00900_01360/traversing_traffic_light_intersection/c6662dd0bc14507c/trajectory.gz,8
2021.09.01.16.59.08_veh-39_00610_00910,high_magnitude_speed,2021.09.01.16.59.08_veh-39_00610_00910/high_magnitude_speed/21d7380d073e5cad/trajectory.gz,8
2021.09.01.16.59.08_veh-39_00610_00910,stationary_in_traffic,2021.09.01.16.59.08_veh-39_00610_00910/stationary_in_traffic/344a8730fc93506d/trajectory.gz,8
2021.09.01.16.59.08_veh-39_00610_00910,traversing_intersection,2021.09.01.16.59.08_veh-39_00610_00910/traversing_intersection/ae98955586f5566c/trajectory.gz,8
2021.09.01.16.59.08_veh-39_01172_01721,on_stopline_stop_sign,2021.09.01.16.59.08_veh-39_01172_01721/on_stopline_stop_sign/55fc6bb1dadc5ef4/trajectory.gz,8
2021.09.02.13.11.17_veh-40_00029_00263,high_magnitude_speed,2021.09.02.13.11.17_veh-40_00029_00263/high_magnitude_speed/d4a1a4ca175656d7/trajectory.gz,8
2021.09.02.13.53.58_veh-40_00077_00339,on_stopline_stop_sign,2021.09.02.13.53.58_veh-40_00077_00339/on_stopline_stop_sign/8269dc1169865c30/trajectory.gz,8
2021.09.02.13.53.58_veh-40_00077_00339,stationary,2021.09.02.13.53.58_veh-40_00077_00339/stationary/0c73401077a85d2b/trajectory.gz,8
2021.09.02.13.53.58_veh-40_00077_00339,stationary,2021.09.02.13.53.58_veh-40_00077_00339/stationary/61f09abe13c353e9/trajectory.gz,8
2021.09.02.15.02.56_veh-40_01471_01684,traversing_intersection,2021.09.02.15.02.56_veh-40_01471_01684/traversing_intersection/a619a4ec598654d7/trajectory.gz,8
2021.09.02.17.40.11_veh-40_00897_01119,traversing_intersection,2021.09.02.17.40.11_veh-40_00897_01119/traversing_intersection/9d895739c1d950e7/trajectory.gz,8
2021.09.02.18.03.07_veh-39_01535_01809,on_stopline_stop_sign,2021.09.02.18.03.07_veh-39_01535_01809/on_stopline_stop_sign/cd22742708e854ac/trajectory.gz,8
2021.09.02.18.12.27_veh-40_00196_00450,high_magnitude_speed,2021.09.02.18.12.27_veh-40_00196_00450/high_magnitude_speed/f8eb14c62dca51af/trajectory.gz,8
2021.09.02.18.12.27_veh-40_00896_01157,high_magnitude_speed,2021.09.02.18.12.27_veh-40_00896_01157/high_magnitude_speed/b133329016975158/trajectory.gz,8
2021.09.02.18.12.27_veh-40_00896_01157,traversing_intersection,2021.09.02.18.12.27_veh-40_00896_01157/traversing_intersection/0ab20095dc4f5bfc/trajectory.gz,8
2021.09.02.18.12.27_veh-40_00896_01157,traversing_intersection,2021.09.02.18.12.27_veh-40_00896_01157/traversing_intersection/a9ace764dabd56c1/trajectory.gz,8
2021.09.02.18.12.27_veh-40_01201_01318,high_magnitude_speed,2021.09.02.18.12.27_veh-40_01201_01318/high_magnitude_speed/b5984d4de5035c2d/trajectory.gz,8
2021.09.02.18.12.27_veh-40_01201_01318,traversing_intersection,2021.09.02.18.12.27_veh-40_01201_01318/traversing_intersection/4c3f5b3ea8e45136/trajectory.gz,8
2021.09.02.18.43.39_veh-40_01408_01656,traversing_intersection,2021.09.02.18.43.39_veh-40_01408_01656/traversing_intersection/dcad338bfd935594/trajectory.gz,8
2021.09.02.18.48.06_veh-39_00015_00570,high_magnitude_speed,2021.09.02.18.48.06_veh-39_00015_00570/high_magnitude_speed/e585f90f386557c3/trajectory.gz,8
2021.09.02.18.48.06_veh-39_00015_00570,medium_magnitude_speed,2021.09.02.18.48.06_veh-39_00015_00570/medium_magnitude_speed/90360c551d5155b2/trajectory.gz,8
2021.09.02.18.48.06_veh-39_00015_00570,stationary,2021.09.02.18.48.06_veh-39_00015_00570/stationary/c6a46e7b04635355/trajectory.gz,8
2021.09.02.18.48.06_veh-39_00015_00570,traversing_intersection,2021.09.02.18.48.06_veh-39_00015_00570/traversing_intersection/18385ed711d151d2/trajectory.gz,8
2021.09.02.18.48.06_veh-39_00015_00570,traversing_intersection,2021.09.02.18.48.06_veh-39_00015_00570/traversing_intersection/2321ae3407f05b58/trajectory.gz,8
2021.09.02.18.48.06_veh-39_00015_00570,traversing_intersection,2021.09.02.18.48.06_veh-39_00015_00570/traversing_intersection/49812bb4013b51d0/trajectory.gz,8
2021.09.02.19.26.01_veh-39_00450_00948,traversing_crosswalk,2021.09.02.19.26.01_veh-39_00450_00948/traversing_crosswalk/cc414e38d57c522c/trajectory.gz,8
2021.09.02.19.26.01_veh-39_01209_01430,high_magnitude_speed,2021.09.02.19.26.01_veh-39_01209_01430/high_magnitude_speed/7298e8a542445a28/trajectory.gz,8
2021.09.02.19.26.01_veh-39_01209_01430,near_long_vehicle,2021.09.02.19.26.01_veh-39_01209_01430/near_long_vehicle/334b1d3fcdf85365/trajectory.gz,8
2021.09.03.11.38.11_veh-40_00505_00871,stationary_at_traffic_light_without_lead,2021.09.03.11.38.11_veh-40_00505_00871/stationary_at_traffic_light_without_lead/24a1a5e88bc55105/trajectory.gz,8
2021.09.03.11.38.11_veh-40_00505_00871,stationary_at_traffic_light_without_lead,2021.09.03.11.38.11_veh-40_00505_00871/stationary_at_traffic_light_without_lead/7cc8f1e4287553b4/trajectory.gz,8
2021.09.03.11.38.11_veh-40_00505_00871,stationary_at_traffic_light_without_lead,2021.09.03.11.38.11_veh-40_00505_00871/stationary_at_traffic_light_without_lead/dce65f87f40f57fa/trajectory.gz,8
2021.09.03.13.35.39_veh-39_00957_01215,stationary,2021.09.03.13.35.39_veh-39_00957_01215/stationary/f088b0875bec5b62/trajectory.gz,8
2021.09.03.13.35.39_veh-39_01243_01638,medium_magnitude_speed,2021.09.03.13.35.39_veh-39_01243_01638/medium_magnitude_speed/f4f884871192554f/trajectory.gz,8
2021.09.03.14.08.21_veh-48_00595_01149,stationary,2021.09.03.14.08.21_veh-48_00595_01149/stationary/c29ef2aa49b7598b/trajectory.gz,8
2021.09.03.14.08.21_veh-48_00595_01149,traversing_intersection,2021.09.03.14.08.21_veh-48_00595_01149/traversing_intersection/832dcf8def9952bd/trajectory.gz,8
2021.09.03.14.11.45_veh-40_00457_00873,traversing_intersection,2021.09.03.14.11.45_veh-40_00457_00873/traversing_intersection/4be3ede592185f78/trajectory.gz,8
2021.09.03.14.42.51_veh-40_00377_00522,high_magnitude_speed,2021.09.03.14.42.51_veh-40_00377_00522/high_magnitude_speed/1d66c4bb99785dc3/trajectory.gz,8
2021.09.03.14.42.51_veh-40_01023_01439,stationary_at_traffic_light_with_lead,2021.09.03.14.42.51_veh-40_01023_01439/stationary_at_traffic_light_with_lead/8a22cad278de5677/trajectory.gz,8
2021.09.03.17.35.53_veh-40_00015_00268,high_magnitude_speed,2021.09.03.17.35.53_veh-40_00015_00268/high_magnitude_speed/a1651a1ab653547d/trajectory.gz,8
2021.09.03.18.11.54_veh-40_00015_00289,on_stopline_stop_sign,2021.09.03.18.11.54_veh-40_00015_00289/on_stopline_stop_sign/0440e7b3d16b546f/trajectory.gz,8
2021.09.03.18.11.54_veh-40_00015_00289,traversing_intersection,2021.09.03.18.11.54_veh-40_00015_00289/traversing_intersection/58de02ae8e4c5695/trajectory.gz,8
2021.09.03.18.11.54_veh-40_00015_00289,traversing_intersection,2021.09.03.18.11.54_veh-40_00015_00289/traversing_intersection/6c6c981feb5556e5/trajectory.gz,8
2021.09.03.18.11.54_veh-40_01173_01596,traversing_traffic_light_intersection,2021.09.03.18.11.54_veh-40_01173_01596/traversing_traffic_light_intersection/62dbce8e81ab54f0/trajectory.gz,8
2021.09.03.18.32.35_veh-39_00559_01142,on_stopline_crosswalk,2021.09.03.18.32.35_veh-39_00559_01142/on_stopline_crosswalk/b03f25cf02ea5b8b/trajectory.gz,8
2021.09.07.14.30.36_veh-39_00017_00354,medium_magnitude_speed,2021.09.07.14.30.36_veh-39_00017_00354/medium_magnitude_speed/0eaa8d2717cc56c8/trajectory.gz,8
2021.09.07.14.30.36_veh-39_00017_00354,stationary,2021.09.07.14.30.36_veh-39_00017_00354/stationary/46530ebc46a7522f/trajectory.gz,8
2021.09.07.14.30.36_veh-39_01065_01406,stationary_at_traffic_light_without_lead,2021.09.07.14.30.36_veh-39_01065_01406/stationary_at_traffic_light_without_lead/a09c83d581b550c7/trajectory.gz,8
2021.09.07.14.30.36_veh-39_01728_01837,medium_magnitude_speed,2021.09.07.14.30.36_veh-39_01728_01837/medium_magnitude_speed/0d727b2abe755146/trajectory.gz,8
2021.09.07.15.28.24_veh-40_00582_01059,high_magnitude_speed,2021.09.07.15.28.24_veh-40_00582_01059/high_magnitude_speed/b85be05f071751e2/trajectory.gz,8
2021.09.07.15.28.24_veh-40_00582_01059,stationary_at_traffic_light_with_lead,2021.09.07.15.28.24_veh-40_00582_01059/stationary_at_traffic_light_with_lead/b20695e21a465fc8/trajectory.gz,8
2021.09.07.15.28.24_veh-40_00582_01059,stationary_at_traffic_light_without_lead,2021.09.07.15.28.24_veh-40_00582_01059/stationary_at_traffic_light_without_lead/26cca646efe05f4a/trajectory.gz,8
2021.09.07.15.28.24_veh-40_00582_01059,traversing_traffic_light_intersection,2021.09.07.15.28.24_veh-40_00582_01059/traversing_traffic_light_intersection/692d8b8326385bbe/trajectory.gz,8
2021.09.07.15.28.24_veh-40_00582_01059,traversing_traffic_light_intersection,2021.09.07.15.28.24_veh-40_00582_01059/traversing_traffic_light_intersection/bb60f77b023f5911/trajectory.gz,8
2021.09.07.15.28.24_veh-40_01168_01343,high_magnitude_speed,2021.09.07.15.28.24_veh-40_01168_01343/high_magnitude_speed/1aec4b6b9d475188/trajectory.gz,8
2021.09.07.15.28.24_veh-40_01168_01343,medium_magnitude_speed,2021.09.07.15.28.24_veh-40_01168_01343/medium_magnitude_speed/a0a2059483645290/trajectory.gz,8
2021.09.07.19.49.48_veh-39_00013_00325,high_magnitude_speed,2021.09.07.19.49.48_veh-39_00013_00325/high_magnitude_speed/30a5cf73cc855e79/trajectory.gz,8
2021.09.07.19.49.48_veh-39_00337_01058,behind_bike,2021.09.07.19.49.48_veh-39_00337_01058/behind_bike/bf26bb55d08b5816/trajectory.gz,8
2021.09.07.19.49.48_veh-39_00337_01058,medium_magnitude_speed,2021.09.07.19.49.48_veh-39_00337_01058/medium_magnitude_speed/795fcccb26b356ed/trajectory.gz,8
2021.09.07.19.49.48_veh-39_00337_01058,stationary_at_traffic_light_without_lead,2021.09.07.19.49.48_veh-39_00337_01058/stationary_at_traffic_light_without_lead/3cd3be6295a7558e/trajectory.gz,8
2021.09.07.19.49.48_veh-39_00337_01058,traversing_crosswalk,2021.09.07.19.49.48_veh-39_00337_01058/traversing_crosswalk/ce3db0b003145ca7/trajectory.gz,8
2021.09.07.19.49.48_veh-39_00337_01058,traversing_traffic_light_intersection,2021.09.07.19.49.48_veh-39_00337_01058/traversing_traffic_light_intersection/4b285c397fa756da/trajectory.gz,8
2021.09.07.19.49.48_veh-39_01397_01643,near_multiple_vehicles,2021.09.07.19.49.48_veh-39_01397_01643/near_multiple_vehicles/a897a65f1af351cc/trajectory.gz,8
2021.09.07.20.27.01_veh-39_00019_00395,on_stopline_stop_sign,2021.09.07.20.27.01_veh-39_00019_00395/on_stopline_stop_sign/f256794b0ad05b19/trajectory.gz,8
2021.09.07.20.27.01_veh-39_00019_00395,stationary,2021.09.07.20.27.01_veh-39_00019_00395/stationary/226645320ed950e5/trajectory.gz,8
2021.09.10.17.26.51_veh-39_01515_01778,near_pedestrian_on_crosswalk,2021.09.10.17.26.51_veh-39_01515_01778/near_pedestrian_on_crosswalk/057db4bc41a056da/trajectory.gz,8
2021.09.10.18.04.45_veh-39_01313_01565,high_magnitude_speed,2021.09.10.18.04.45_veh-39_01313_01565/high_magnitude_speed/0a7b6cffd0685778/trajectory.gz,8
2021.09.10.19.51.48_veh-39_00997_01252,high_magnitude_speed,2021.09.10.19.51.48_veh-39_00997_01252/high_magnitude_speed/fe865e71363c55c8/trajectory.gz,8
2021.09.14.11.51.00_veh-28_00471_00893,stationary,2021.09.14.11.51.00_veh-28_00471_00893/stationary/db0c55fb785d59a4/trajectory.gz,8
2021.09.14.12.36.28_veh-28_00699_01194,stationary,2021.09.14.12.36.28_veh-28_00699_01194/stationary/d50b2ae57fad5d88/trajectory.gz,8
2021.09.14.12.36.28_veh-28_00699_01194,traversing_crosswalk,2021.09.14.12.36.28_veh-28_00699_01194/traversing_crosswalk/35e0d8d061cc5bcf/trajectory.gz,8
2021.09.14.12.36.28_veh-28_00699_01194,traversing_traffic_light_intersection,2021.09.14.12.36.28_veh-28_00699_01194/traversing_traffic_light_intersection/a04019985b6a5a84/trajectory.gz,8
2021.09.14.13.09.53_veh-28_00422_00784,medium_magnitude_speed,2021.09.14.13.09.53_veh-28_00422_00784/medium_magnitude_speed/31bb470d694f5889/trajectory.gz,8
2021.09.14.13.10.57_veh-39_01516_01779,on_stopline_crosswalk,2021.09.14.13.10.57_veh-39_01516_01779/on_stopline_crosswalk/7f2569c3d8aa5533/trajectory.gz,8
2021.09.14.13.10.57_veh-39_01516_01779,stationary,2021.09.14.13.10.57_veh-39_01516_01779/stationary/72946edbb2d05659/trajectory.gz,8
2021.09.14.13.10.57_veh-39_01516_01779,stationary,2021.09.14.13.10.57_veh-39_01516_01779/stationary/74cd4f07841d58f7/trajectory.gz,8
2021.09.14.13.47.58_veh-39_00432_00608,high_magnitude_speed,2021.09.14.13.47.58_veh-39_00432_00608/high_magnitude_speed/245ed26f8a7a5673/trajectory.gz,8
2021.09.14.13.47.58_veh-39_00432_00608,high_magnitude_speed,2021.09.14.13.47.58_veh-39_00432_00608/high_magnitude_speed/e4f67726b80b5399/trajectory.gz,8
2021.09.14.13.47.58_veh-39_01788_01917,traversing_intersection,2021.09.14.13.47.58_veh-39_01788_01917/traversing_intersection/3b7e377276bf5555/trajectory.gz,8
2021.09.14.14.03.35_veh-28_00394_00815,following_lane_without_lead,2021.09.14.14.03.35_veh-28_00394_00815/following_lane_without_lead/b93ca86e582b5614/trajectory.gz,8
2021.09.14.14.03.35_veh-28_00394_00815,stationary_at_traffic_light_without_lead,2021.09.14.14.03.35_veh-28_00394_00815/stationary_at_traffic_light_without_lead/589a696ef8e359bc/trajectory.gz,8
2021.09.14.14.03.35_veh-28_00394_00815,traversing_traffic_light_intersection,2021.09.14.14.03.35_veh-28_00394_00815/traversing_traffic_light_intersection/5c9f1889b58350e3/trajectory.gz,8
2021.09.14.14.03.35_veh-28_00968_01460,stationary,2021.09.14.14.03.35_veh-28_00968_01460/stationary/a64cbb29ef1753eb/trajectory.gz,8
2021.09.14.14.03.35_veh-28_00968_01460,traversing_traffic_light_intersection,2021.09.14.14.03.35_veh-28_00968_01460/traversing_traffic_light_intersection/55177065fe7953cb/trajectory.gz,8
2021.09.14.14.34.34_veh-28_00476_00802,high_magnitude_speed,2021.09.14.14.34.34_veh-28_00476_00802/high_magnitude_speed/83f66773a50258a9/trajectory.gz,8
2021.09.14.14.34.34_veh-28_00476_00802,high_magnitude_speed,2021.09.14.14.34.34_veh-28_00476_00802/high_magnitude_speed/c503172469a65891/trajectory.gz,8
2021.09.14.14.34.34_veh-28_00476_00802,traversing_intersection,2021.09.14.14.34.34_veh-28_00476_00802/traversing_intersection/f278316af31757a7/trajectory.gz,8
2021.09.14.14.34.34_veh-28_01144_01733,medium_magnitude_speed,2021.09.14.14.34.34_veh-28_01144_01733/medium_magnitude_speed/ca058ddc9bf45343/trajectory.gz,8
2021.09.14.14.34.34_veh-28_01144_01733,near_trafficcone_on_driveable,2021.09.14.14.34.34_veh-28_01144_01733/near_trafficcone_on_driveable/8e726e0a3d6f5d3d/trajectory.gz,8
2021.09.14.14.34.34_veh-28_01144_01733,stationary,2021.09.14.14.34.34_veh-28_01144_01733/stationary/c5b8d989452a500f/trajectory.gz,8
2021.09.14.14.34.34_veh-28_01144_01733,stationary_at_traffic_light_with_lead,2021.09.14.14.34.34_veh-28_01144_01733/stationary_at_traffic_light_with_lead/98a3565da2495794/trajectory.gz,8
2021.09.14.14.34.34_veh-28_01144_01733,stationary_in_traffic,2021.09.14.14.34.34_veh-28_01144_01733/stationary_in_traffic/554fca566bb55b6e/trajectory.gz,8
2021.09.14.14.34.34_veh-28_01144_01733,traversing_intersection,2021.09.14.14.34.34_veh-28_01144_01733/traversing_intersection/8a4916977e1056d0/trajectory.gz,8
2021.09.14.14.34.34_veh-28_01144_01733,traversing_traffic_light_intersection,2021.09.14.14.34.34_veh-28_01144_01733/traversing_traffic_light_intersection/5f015d975a955375/trajectory.gz,8
2021.09.14.15.39.07_veh-28_00321_00579,high_magnitude_speed,2021.09.14.15.39.07_veh-28_00321_00579/high_magnitude_speed/cf4dd071671450c6/trajectory.gz,8
2021.09.14.15.39.07_veh-28_00969_01548,stationary,2021.09.14.15.39.07_veh-28_00969_01548/stationary/5ae5458e2d6b5a7f/trajectory.gz,8
2021.09.14.15.39.07_veh-28_00969_01548,stationary,2021.09.14.15.39.07_veh-28_00969_01548/stationary/ffc6e722a66b5d04/trajectory.gz,8
2021.09.14.16.12.27_veh-28_00388_00575,high_magnitude_speed,2021.09.14.16.12.27_veh-28_00388_00575/high_magnitude_speed/cd39e1d5996b54b9/trajectory.gz,8
2021.09.14.18.52.36_veh-39_00016_00254,medium_magnitude_speed,2021.09.14.18.52.36_veh-39_00016_00254/medium_magnitude_speed/a37cd237620d5a93/trajectory.gz,8
2021.09.14.18.52.36_veh-39_00700_01239,stationary_at_traffic_light_with_lead,2021.09.14.18.52.36_veh-39_00700_01239/stationary_at_traffic_light_with_lead/4f685c8018d05cf1/trajectory.gz,8
2021.09.14.18.52.36_veh-39_00700_01239,stationary_at_traffic_light_with_lead,2021.09.14.18.52.36_veh-39_00700_01239/stationary_at_traffic_light_with_lead/a45cd88801ff5f1f/trajectory.gz,8
2021.09.14.18.52.36_veh-39_00700_01239,stationary_in_traffic,2021.09.14.18.52.36_veh-39_00700_01239/stationary_in_traffic/f6555a2e2f2d5d70/trajectory.gz,8
2021.09.14.18.52.36_veh-39_00700_01239,traversing_traffic_light_intersection,2021.09.14.18.52.36_veh-39_00700_01239/traversing_traffic_light_intersection/400a70440df35887/trajectory.gz,8
2021.09.14.19.35.02_veh-39_00967_01165,medium_magnitude_speed,2021.09.14.19.35.02_veh-39_00967_01165/medium_magnitude_speed/09adcb3a0af55d03/trajectory.gz,8
2021.09.14.19.35.02_veh-39_01302_01657,stationary_in_traffic,2021.09.14.19.35.02_veh-39_01302_01657/stationary_in_traffic/17bd880681a95454/trajectory.gz,8
2021.09.15.11.49.23_veh-28_01108_01493,stationary,2021.09.15.11.49.23_veh-28_01108_01493/stationary/7a77c398a0815568/trajectory.gz,8
2021.09.15.12.32.43_veh-28_01513_01697,high_magnitude_speed,2021.09.15.12.32.43_veh-28_01513_01697/high_magnitude_speed/1b88cd7633eb5294/trajectory.gz,8
2021.09.15.12.32.43_veh-28_01513_01697,on_stopline_crosswalk,2021.09.15.12.32.43_veh-28_01513_01697/on_stopline_crosswalk/1cb709a18d775944/trajectory.gz,8
2021.09.15.13.16.40_veh-28_00642_01267,stationary,2021.09.15.13.16.40_veh-28_00642_01267/stationary/ae08dfb5649f5b28/trajectory.gz,8
2021.09.15.13.16.40_veh-28_00642_01267,stationary_at_traffic_light_without_lead,2021.09.15.13.16.40_veh-28_00642_01267/stationary_at_traffic_light_without_lead/f9a52e38260a504a/trajectory.gz,8
2021.09.15.13.52.55_veh-39_00818_01335,high_magnitude_speed,2021.09.15.13.52.55_veh-39_00818_01335/high_magnitude_speed/a61d4a68a172507c/trajectory.gz,8
2021.09.15.13.52.55_veh-39_00818_01335,medium_magnitude_speed,2021.09.15.13.52.55_veh-39_00818_01335/medium_magnitude_speed/3c37310d22e0518f/trajectory.gz,8
2021.09.15.14.27.22_veh-39_00038_00414,traversing_traffic_light_intersection,2021.09.15.14.27.22_veh-39_00038_00414/traversing_traffic_light_intersection/780ccba3b2105bb6/trajectory.gz,8
2021.09.15.14.27.22_veh-39_00038_00414,traversing_traffic_light_intersection,2021.09.15.14.27.22_veh-39_00038_00414/traversing_traffic_light_intersection/f4e953bee517561b/trajectory.gz,8
2021.09.15.14.27.22_veh-39_01491_01763,high_magnitude_speed,2021.09.15.14.27.22_veh-39_01491_01763/high_magnitude_speed/b593e6cbc88751e6/trajectory.gz,8
2021.09.15.14.50.05_veh-28_00578_00896,stationary,2021.09.15.14.50.05_veh-28_00578_00896/stationary/e5298617431c5597/trajectory.gz,8
2021.09.15.14.50.05_veh-28_00578_00896,stationary,2021.09.15.14.50.05_veh-28_00578_00896/stationary/eee0360988db5f2e/trajectory.gz,8
2021.09.15.14.50.05_veh-28_00578_00896,traversing_traffic_light_intersection,2021.09.15.14.50.05_veh-28_00578_00896/traversing_traffic_light_intersection/689574ff355252c2/trajectory.gz,8
2021.09.15.15.02.19_veh-39_01107_01666,medium_magnitude_speed,2021.09.15.15.02.19_veh-39_01107_01666/medium_magnitude_speed/46ea934fbb445ed4/trajectory.gz,8
2021.09.15.15.02.19_veh-39_01107_01666,medium_magnitude_speed,2021.09.15.15.02.19_veh-39_01107_01666/medium_magnitude_speed/c599453bec6c5245/trajectory.gz,8
2021.09.15.15.02.19_veh-39_01107_01666,near_long_vehicle,2021.09.15.15.02.19_veh-39_01107_01666/near_long_vehicle/11f54d23eef15f2a/trajectory.gz,8
2021.09.15.15.02.19_veh-39_01107_01666,near_long_vehicle,2021.09.15.15.02.19_veh-39_01107_01666/near_long_vehicle/8bb31678209c5158/trajectory.gz,8
2021.09.15.15.02.19_veh-39_01107_01666,stationary_in_traffic,2021.09.15.15.02.19_veh-39_01107_01666/stationary_in_traffic/eb5a7f9490ee559e/trajectory.gz,8
2021.09.15.15.34.53_veh-28_00512_01084,stationary_at_traffic_light_without_lead,2021.09.15.15.34.53_veh-28_00512_01084/stationary_at_traffic_light_without_lead/5834ae3329385d66/trajectory.gz,8
2021.09.15.15.34.53_veh-28_01820_02314,stationary,2021.09.15.15.34.53_veh-28_01820_02314/stationary/264619ccb706566f/trajectory.gz,8
2021.09.15.15.34.53_veh-28_01820_02314,stationary,2021.09.15.15.34.53_veh-28_01820_02314/stationary/cfb13ebc2e1052ea/trajectory.gz,8
2021.09.16.17.56.05_veh-28_00838_01096,traversing_intersection,2021.09.16.17.56.05_veh-28_00838_01096/traversing_intersection/6b7a4ec2e6915be2/trajectory.gz,8
2021.09.16.17.56.05_veh-28_01803_02244,stationary,2021.09.16.17.56.05_veh-28_01803_02244/stationary/38593beac01e5b2a/trajectory.gz,8
2021.09.16.17.56.05_veh-28_01803_02244,stationary_in_traffic,2021.09.16.17.56.05_veh-28_01803_02244/stationary_in_traffic/ed80a0aa1c125dbe/trajectory.gz,8
2021.09.17.11.45.23_veh-28_00536_00876,stationary,2021.09.17.11.45.23_veh-28_00536_00876/stationary/e9dc4f0a8ade53be/trajectory.gz,8
2021.09.17.13.47.10_veh-28_00560_00956,traversing_intersection,2021.09.17.13.47.10_veh-28_00560_00956/traversing_intersection/6444ca5e188d5ad5/trajectory.gz,8
2021.09.17.13.47.10_veh-28_01155_01549,high_magnitude_speed,2021.09.17.13.47.10_veh-28_01155_01549/high_magnitude_speed/00ff79fbdeaf5b4b/trajectory.gz,8
2021.09.17.13.47.10_veh-28_01155_01549,high_magnitude_speed,2021.09.17.13.47.10_veh-28_01155_01549/high_magnitude_speed/b16e85e02faa544c/trajectory.gz,8
2021.09.17.13.47.10_veh-28_01975_02107,stationary_at_traffic_light_without_lead,2021.09.17.13.47.10_veh-28_01975_02107/stationary_at_traffic_light_without_lead/e7fd0937d97e5c06/trajectory.gz,8
2021.09.17.14.28.18_veh-28_00687_01125,high_magnitude_speed,2021.09.17.14.28.18_veh-28_00687_01125/high_magnitude_speed/68db16f1e91b5a4d/trajectory.gz,8
2021.09.17.14.28.18_veh-28_00687_01125,medium_magnitude_speed,2021.09.17.14.28.18_veh-28_00687_01125/medium_magnitude_speed/5b3ae369510652bc/trajectory.gz,8
2021.09.17.14.28.18_veh-28_01724_01981,high_magnitude_speed,2021.09.17.14.28.18_veh-28_01724_01981/high_magnitude_speed/1d8e8f2307a4577a/trajectory.gz,8
2021.09.17.14.28.18_veh-28_01724_01981,traversing_intersection,2021.09.17.14.28.18_veh-28_01724_01981/traversing_intersection/94e97c45e314538c/trajectory.gz,8
2021.09.17.14.28.18_veh-28_02164_02257,near_multiple_vehicles,2021.09.17.14.28.18_veh-28_02164_02257/near_multiple_vehicles/ff72edcb7d8d584f/trajectory.gz,8
2021.09.20.14.14.58_veh-28_00694_01178,near_long_vehicle,2021.09.20.14.14.58_veh-28_00694_01178/near_long_vehicle/a88243f64ae75c60/trajectory.gz,8
2021.09.20.14.14.58_veh-28_01471_01631,medium_magnitude_speed,2021.09.20.14.14.58_veh-28_01471_01631/medium_magnitude_speed/0c5ad0116791528e/trajectory.gz,8
2021.09.20.15.31.58_veh-28_00469_01019,stationary,2021.09.20.15.31.58_veh-28_00469_01019/stationary/8c02245db38b5b79/trajectory.gz,8
2021.09.20.15.31.58_veh-28_00469_01019,stationary,2021.09.20.15.31.58_veh-28_00469_01019/stationary/d8d079edf2ee5acd/trajectory.gz,8
2021.09.20.15.31.58_veh-28_00469_01019,stationary_at_traffic_light_without_lead,2021.09.20.15.31.58_veh-28_00469_01019/stationary_at_traffic_light_without_lead/dcfe421acc3053b9/trajectory.gz,8
2021.09.20.18.02.54_veh-28_00504_01168,stationary,2021.09.20.18.02.54_veh-28_00504_01168/stationary/c7379ab49389545b/trajectory.gz,8
2021.09.20.18.02.54_veh-28_00504_01168,stationary_at_traffic_light_without_lead,2021.09.20.18.02.54_veh-28_00504_01168/stationary_at_traffic_light_without_lead/b029d674ac905a45/trajectory.gz,8
2021.09.20.18.02.54_veh-28_00504_01168,traversing_traffic_light_intersection,2021.09.20.18.02.54_veh-28_00504_01168/traversing_traffic_light_intersection/bc7656f665d25fc9/trajectory.gz,8
2021.09.20.18.39.40_veh-28_00091_00437,high_magnitude_speed,2021.09.20.18.39.40_veh-28_00091_00437/high_magnitude_speed/b1cdf6469f045bd9/trajectory.gz,8
2021.09.20.18.39.40_veh-28_00091_00437,traversing_intersection,2021.09.20.18.39.40_veh-28_00091_00437/traversing_intersection/220e13e6e9c35c32/trajectory.gz,8
2021.09.20.18.39.40_veh-28_00834_00912,stationary_at_traffic_light_without_lead,2021.09.20.18.39.40_veh-28_00834_00912/stationary_at_traffic_light_without_lead/8c57792f671b5c9e/trajectory.gz,8
2021.09.20.18.39.40_veh-28_01257_01486,stationary,2021.09.20.18.39.40_veh-28_01257_01486/stationary/28f30ed025d95fab/trajectory.gz,8
2021.09.20.18.39.40_veh-28_01257_01486,stationary,2021.09.20.18.39.40_veh-28_01257_01486/stationary/f72fc53a74cc5f92/trajectory.gz,8
2021.09.20.19.14.01_veh-28_01430_01611,high_magnitude_speed,2021.09.20.19.14.01_veh-28_01430_01611/high_magnitude_speed/fbdb6546c7b25622/trajectory.gz,8
2021.09.20.19.49.44_veh-28_00423_01298,near_long_vehicle,2021.09.20.19.49.44_veh-28_00423_01298/near_long_vehicle/b2c2e3ea17135034/trajectory.gz,8
2021.09.20.19.49.44_veh-28_00423_01298,stationary_at_traffic_light_with_lead,2021.09.20.19.49.44_veh-28_00423_01298/stationary_at_traffic_light_with_lead/d5863086a4b55359/trajectory.gz,8
2021.09.20.19.49.44_veh-28_00423_01298,stationary_at_traffic_light_without_lead,2021.09.20.19.49.44_veh-28_00423_01298/stationary_at_traffic_light_without_lead/936abb99ca0351ab/trajectory.gz,8
2021.09.20.19.49.44_veh-28_00423_01298,stationary_in_traffic,2021.09.20.19.49.44_veh-28_00423_01298/stationary_in_traffic/21b612e35f8d57a0/trajectory.gz,8
2021.09.20.19.49.44_veh-28_00423_01298,stationary_in_traffic,2021.09.20.19.49.44_veh-28_00423_01298/stationary_in_traffic/f866382c99205347/trajectory.gz,8
2021.09.20.19.49.44_veh-28_00423_01298,traversing_crosswalk,2021.09.20.19.49.44_veh-28_00423_01298/traversing_crosswalk/a6c88cfe06b05ceb/trajectory.gz,8
2021.09.20.19.49.44_veh-28_00423_01298,traversing_intersection,2021.09.20.19.49.44_veh-28_00423_01298/traversing_intersection/7ca27af7a67a5ec9/trajectory.gz,8
2021.09.20.19.49.44_veh-28_00423_01298,traversing_traffic_light_intersection,2021.09.20.19.49.44_veh-28_00423_01298/traversing_traffic_light_intersection/8184e7711c775d38/trajectory.gz,8
2021.09.20.19.49.44_veh-28_00423_01298,traversing_traffic_light_intersection,2021.09.20.19.49.44_veh-28_00423_01298/traversing_traffic_light_intersection/c8034b8c44075129/trajectory.gz,8
2021.09.20.19.49.44_veh-28_00423_01298,traversing_traffic_light_intersection,2021.09.20.19.49.44_veh-28_00423_01298/traversing_traffic_light_intersection/e9c0d051b77c5da3/trajectory.gz,8
2021.09.21.18.11.36_veh-28_00732_01598,medium_magnitude_speed,2021.09.21.18.11.36_veh-28_00732_01598/medium_magnitude_speed/d597cb2b5a8b5ef4/trajectory.gz,8
2021.09.21.18.11.36_veh-28_00732_01598,stationary,2021.09.21.18.11.36_veh-28_00732_01598/stationary/408b1172ebc25488/trajectory.gz,8
2021.09.21.18.11.36_veh-28_00732_01598,stationary_at_traffic_light_with_lead,2021.09.21.18.11.36_veh-28_00732_01598/stationary_at_traffic_light_with_lead/c95b1fcf39b15f5b/trajectory.gz,8
2021.09.21.18.11.36_veh-28_00732_01598,stationary_at_traffic_light_with_lead,2021.09.21.18.11.36_veh-28_00732_01598/stationary_at_traffic_light_with_lead/e7b6adbdaa395039/trajectory.gz,8
2021.09.21.18.11.36_veh-28_00732_01598,traversing_traffic_light_intersection,2021.09.21.18.11.36_veh-28_00732_01598/traversing_traffic_light_intersection/dd9b05fd76f85aa4/trajectory.gz,8
2021.09.21.19.31.01_veh-28_00354_00629,on_intersection,2021.09.21.19.31.01_veh-28_00354_00629/on_intersection/50bdf916086a53a6/trajectory.gz,8
2021.09.21.19.31.01_veh-28_00797_01241,high_magnitude_speed,2021.09.21.19.31.01_veh-28_00797_01241/high_magnitude_speed/e3e3e7c20cd85721/trajectory.gz,8
2021.09.21.19.31.01_veh-28_00797_01241,medium_magnitude_speed,2021.09.21.19.31.01_veh-28_00797_01241/medium_magnitude_speed/15b3067adaa858d2/trajectory.gz,8
2021.09.21.19.31.01_veh-28_00797_01241,medium_magnitude_speed,2021.09.21.19.31.01_veh-28_00797_01241/medium_magnitude_speed/2b1d47b53ebf5714/trajectory.gz,8
2021.09.21.19.31.01_veh-28_00797_01241,near_trafficcone_on_driveable,2021.09.21.19.31.01_veh-28_00797_01241/near_trafficcone_on_driveable/3efd24a3be8e5a87/trajectory.gz,8
2021.09.21.19.31.01_veh-28_00797_01241,stationary,2021.09.21.19.31.01_veh-28_00797_01241/stationary/b9cee1fbdc2457eb/trajectory.gz,8
2021.09.23.18.34.30_veh-28_00298_00965,stationary_at_traffic_light_without_lead,2021.09.23.18.34.30_veh-28_00298_00965/stationary_at_traffic_light_without_lead/042d49be4ada5913/trajectory.gz,8
2021.09.23.18.34.30_veh-28_00298_00965,stationary_at_traffic_light_without_lead,2021.09.23.18.34.30_veh-28_00298_00965/stationary_at_traffic_light_without_lead/c0536a4d32f25260/trajectory.gz,8
2021.09.23.18.34.30_veh-28_01532_01667,on_stopline_stop_sign,2021.09.23.18.34.30_veh-28_01532_01667/on_stopline_stop_sign/124aebe9a6dc5b70/trajectory.gz,8
2021.09.23.18.34.30_veh-28_01532_01667,stationary,2021.09.23.18.34.30_veh-28_01532_01667/stationary/bd462144b31950db/trajectory.gz,8
2021.09.24.19.14.31_veh-28_01048_01496,stationary,2021.09.24.19.14.31_veh-28_01048_01496/stationary/1cfda02868f15f05/trajectory.gz,8
2021.09.24.19.14.31_veh-28_01048_01496,stationary,2021.09.24.19.14.31_veh-28_01048_01496/stationary/5f42adc371ab5e0e/trajectory.gz,8
2021.09.27.17.24.22_veh-28_00519_01118,stationary,2021.09.27.17.24.22_veh-28_00519_01118/stationary/11f8bc0e92cb514a/trajectory.gz,8
2021.09.27.17.24.22_veh-28_00519_01118,stationary,2021.09.27.17.24.22_veh-28_00519_01118/stationary/aac2aa8f9eee5daf/trajectory.gz,8
2021.09.27.17.24.22_veh-28_00519_01118,stationary,2021.09.27.17.24.22_veh-28_00519_01118/stationary/fee37ce0388b5fdd/trajectory.gz,8
2021.09.27.17.24.22_veh-28_01152_01394,stationary,2021.09.27.17.24.22_veh-28_01152_01394/stationary/95ae1830d9935e68/trajectory.gz,8
2021.09.27.17.24.22_veh-28_01152_01394,traversing_traffic_light_intersection,2021.09.27.17.24.22_veh-28_01152_01394/traversing_traffic_light_intersection/8b91d558037d5a5c/trajectory.gz,8
2021.09.27.18.16.33_veh-28_00564_00842,stationary_at_traffic_light_without_lead,2021.09.27.18.16.33_veh-28_00564_00842/stationary_at_traffic_light_without_lead/04cce91c188b5b4f/trajectory.gz,8
2021.09.27.18.16.33_veh-28_01601_02196,near_trafficcone_on_driveable,2021.09.27.18.16.33_veh-28_01601_02196/near_trafficcone_on_driveable/a694e7baa9445b51/trajectory.gz,8
2021.09.27.18.16.33_veh-28_01601_02196,near_trafficcone_on_driveable,2021.09.27.18.16.33_veh-28_01601_02196/near_trafficcone_on_driveable/e6976870ca2f5c6b/trajectory.gz,8
2021.09.27.19.50.50_veh-28_01726_02483,high_magnitude_speed,2021.09.27.19.50.50_veh-28_01726_02483/high_magnitude_speed/e6e3c51f56585d4c/trajectory.gz,8
2021.09.27.19.50.50_veh-28_01726_02483,stationary,2021.09.27.19.50.50_veh-28_01726_02483/stationary/1dc87e7c8ab65667/trajectory.gz,8
2021.09.27.19.50.50_veh-28_01726_02483,stationary_at_traffic_light_without_lead,2021.09.27.19.50.50_veh-28_01726_02483/stationary_at_traffic_light_without_lead/0663f9df44fa5acc/trajectory.gz,8
2021.09.27.19.50.50_veh-28_01726_02483,stationary_at_traffic_light_without_lead,2021.09.27.19.50.50_veh-28_01726_02483/stationary_at_traffic_light_without_lead/81a13865f25750da/trajectory.gz,8
2021.09.27.19.50.50_veh-28_01726_02483,stationary_at_traffic_light_without_lead,2021.09.27.19.50.50_veh-28_01726_02483/stationary_at_traffic_light_without_lead/a61a1abba40050d6/trajectory.gz,8
2021.09.27.19.50.50_veh-28_01726_02483,traversing_traffic_light_intersection,2021.09.27.19.50.50_veh-28_01726_02483/traversing_traffic_light_intersection/1d9e3de0be125266/trajectory.gz,8
2021.09.27.19.50.50_veh-28_01726_02483,traversing_traffic_light_intersection,2021.09.27.19.50.50_veh-28_01726_02483/traversing_traffic_light_intersection/e059c8b0f84b5360/trajectory.gz,8
2021.09.28.13.06.14_veh-28_00636_01181,near_trafficcone_on_driveable,2021.09.28.13.06.14_veh-28_00636_01181/near_trafficcone_on_driveable/2d4e51542a675035/trajectory.gz,8
2021.09.28.13.06.14_veh-28_00636_01181,near_trafficcone_on_driveable,2021.09.28.13.06.14_veh-28_00636_01181/near_trafficcone_on_driveable/d1f55907d950582a/trajectory.gz,8
2021.09.30.14.12.46_veh-28_00169_00613,stationary_at_traffic_light_without_lead,2021.09.30.14.12.46_veh-28_00169_00613/stationary_at_traffic_light_without_lead/3e8012b8734a55d4/trajectory.gz,8
2021.09.30.14.12.46_veh-28_00169_00613,stationary_at_traffic_light_without_lead,2021.09.30.14.12.46_veh-28_00169_00613/stationary_at_traffic_light_without_lead/cbfe5f61a7fc549b/trajectory.gz,8
2021.09.30.14.12.46_veh-28_01271_01594,stationary_at_traffic_light_without_lead,2021.09.30.14.12.46_veh-28_01271_01594/stationary_at_traffic_light_without_lead/d211074c990d5b43/trajectory.gz,8
2021.09.30.14.47.42_veh-28_01233_01528,stationary,2021.09.30.14.47.42_veh-28_01233_01528/stationary/833b14205f22588e/trajectory.gz,8
2021.09.30.14.47.42_veh-28_01233_01528,stationary_at_traffic_light_without_lead,2021.09.30.14.47.42_veh-28_01233_01528/stationary_at_traffic_light_without_lead/2c50260ffde3510c/trajectory.gz,8
2021.09.30.18.30.00_veh-28_01175_01445,near_pedestrian_on_crosswalk,2021.09.30.18.30.00_veh-28_01175_01445/near_pedestrian_on_crosswalk/51910f4b3d5f5688/trajectory.gz,8
2021.09.30.18.30.00_veh-28_01467_01702,high_magnitude_speed,2021.09.30.18.30.00_veh-28_01467_01702/high_magnitude_speed/cc007932f0535535/trajectory.gz,8
2021.09.30.19.04.00_veh-28_00117_00539,traversing_traffic_light_intersection,2021.09.30.19.04.00_veh-28_00117_00539/traversing_traffic_light_intersection/2630708594db5abe/trajectory.gz,8
2021.10.01.13.28.54_veh-28_00607_00973,traversing_traffic_light_intersection,2021.10.01.13.28.54_veh-28_00607_00973/traversing_traffic_light_intersection/2efd4cc0696258d1/trajectory.gz,8
2021.10.01.15.32.11_veh-28_00475_00930,stationary,2021.10.01.15.32.11_veh-28_00475_00930/stationary/f77760cbd3e4577a/trajectory.gz,8
2021.10.01.15.32.11_veh-28_00475_00930,stationary_at_traffic_light_with_lead,2021.10.01.15.32.11_veh-28_00475_00930/stationary_at_traffic_light_with_lead/659f463d264a569b/trajectory.gz,8
2021.10.01.15.32.11_veh-28_01178_01392,stationary_in_traffic,2021.10.01.15.32.11_veh-28_01178_01392/stationary_in_traffic/0be6262d93315909/trajectory.gz,8
2021.10.01.15.32.11_veh-28_01178_01392,traversing_intersection,2021.10.01.15.32.11_veh-28_01178_01392/traversing_intersection/f469b0ecd9ae5287/trajectory.gz,8
2021.10.01.18.26.05_veh-28_00005_00413,medium_magnitude_speed,2021.10.01.18.26.05_veh-28_00005_00413/medium_magnitude_speed/390506af5cfd5f54/trajectory.gz,8
2021.10.01.18.26.05_veh-28_00005_00413,stationary,2021.10.01.18.26.05_veh-28_00005_00413/stationary/14d83d6036b15738/trajectory.gz,8
2021.10.01.18.26.05_veh-28_01689_01890,traversing_intersection,2021.10.01.18.26.05_veh-28_01689_01890/traversing_intersection/82b4e9628f4756e4/trajectory.gz,8
2021.10.01.19.16.42_veh-28_00392_00906,stationary_in_traffic,2021.10.01.19.16.42_veh-28_00392_00906/stationary_in_traffic/2f8d8e29c170542f/trajectory.gz,8
2021.10.01.19.16.42_veh-28_00392_00906,stationary_in_traffic,2021.10.01.19.16.42_veh-28_00392_00906/stationary_in_traffic/9bf2fe08a39d5f6e/trajectory.gz,8
2021.10.01.19.16.42_veh-28_00392_00906,traversing_crosswalk,2021.10.01.19.16.42_veh-28_00392_00906/traversing_crosswalk/6177a051b4d75f42/trajectory.gz,8
2021.10.01.19.16.42_veh-28_00917_01499,stationary,2021.10.01.19.16.42_veh-28_00917_01499/stationary/22e5a3b16ff751fc/trajectory.gz,8
2021.10.01.19.16.42_veh-28_00917_01499,stationary_at_traffic_light_without_lead,2021.10.01.19.16.42_veh-28_00917_01499/stationary_at_traffic_light_without_lead/3da231419f075c7f/trajectory.gz,8
2021.10.01.19.16.42_veh-28_02568_02833,high_magnitude_speed,2021.10.01.19.16.42_veh-28_02568_02833/high_magnitude_speed/1799c439d0a45a51/trajectory.gz,8
2021.10.01.19.16.42_veh-28_02903_03140,high_magnitude_speed,2021.10.01.19.16.42_veh-28_02903_03140/high_magnitude_speed/145344007f4f522b/trajectory.gz,8
2021.10.01.19.16.42_veh-28_02903_03140,traversing_crosswalk,2021.10.01.19.16.42_veh-28_02903_03140/traversing_crosswalk/03b5d8fe00905e81/trajectory.gz,8
2021.10.01.19.16.42_veh-28_02903_03140,traversing_intersection,2021.10.01.19.16.42_veh-28_02903_03140/traversing_intersection/1743b67887e45442/trajectory.gz,8
2021.10.01.19.16.42_veh-28_03307_03808,medium_magnitude_speed,2021.10.01.19.16.42_veh-28_03307_03808/medium_magnitude_speed/2001150bd60a5af7/trajectory.gz,8
2021.10.01.19.16.42_veh-28_03307_03808,near_long_vehicle,2021.10.01.19.16.42_veh-28_03307_03808/near_long_vehicle/28cf2e026e2d5142/trajectory.gz,8
2021.10.01.19.16.42_veh-28_03307_03808,stationary,2021.10.01.19.16.42_veh-28_03307_03808/stationary/15c4a3d9566a59ff/trajectory.gz,8
2021.10.01.19.16.42_veh-28_03307_03808,stationary,2021.10.01.19.16.42_veh-28_03307_03808/stationary/544ccb6eefa25234/trajectory.gz,8
2021.10.01.19.16.42_veh-28_03307_03808,stationary,2021.10.01.19.16.42_veh-28_03307_03808/stationary/5b6948d06055512c/trajectory.gz,8
2021.10.04.14.24.12_veh-28_00496_00599,near_multiple_vehicles,2021.10.04.14.24.12_veh-28_00496_00599/near_multiple_vehicles/75cd5a14fc935e25/trajectory.gz,8
2021.10.04.15.05.57_veh-28_01181_01587,stationary,2021.10.04.15.05.57_veh-28_01181_01587/stationary/7a43d9a2bc2c50f4/trajectory.gz,8
2021.10.04.15.05.57_veh-28_01776_01851,high_magnitude_speed,2021.10.04.15.05.57_veh-28_01776_01851/high_magnitude_speed/4f814c946a1751bd/trajectory.gz,8
2021.10.04.15.44.57_veh-28_01552_01712,near_multiple_vehicles,2021.10.04.15.44.57_veh-28_01552_01712/near_multiple_vehicles/3a228049e2bc5622/trajectory.gz,8
2021.10.04.19.10.20_veh-28_00378_00588,traversing_traffic_light_intersection,2021.10.04.19.10.20_veh-28_00378_00588/traversing_traffic_light_intersection/9e3c2bf1beb15963/trajectory.gz,8
2021.10.04.19.10.20_veh-28_01191_01449,high_magnitude_speed,2021.10.04.19.10.20_veh-28_01191_01449/high_magnitude_speed/4c2fb306afd75358/trajectory.gz,8
2021.10.04.19.10.20_veh-28_01191_01449,traversing_intersection,2021.10.04.19.10.20_veh-28_01191_01449/traversing_intersection/2780e3a2bfb655be/trajectory.gz,8
2021.10.05.13.12.43_veh-28_00618_00916,stationary_at_traffic_light_without_lead,2021.10.05.13.12.43_veh-28_00618_00916/stationary_at_traffic_light_without_lead/61a72160fabd5b3c/trajectory.gz,8
2021.10.05.13.12.43_veh-28_00618_00916,traversing_intersection,2021.10.05.13.12.43_veh-28_00618_00916/traversing_intersection/88bd0311d58f5e28/trajectory.gz,8
2021.10.05.13.49.59_veh-28_01218_01414,on_stopline_stop_sign,2021.10.05.13.49.59_veh-28_01218_01414/on_stopline_stop_sign/9f06eafafa2552dd/trajectory.gz,8
2021.10.05.17.48.44_veh-28_00443_00975,stationary_in_traffic,2021.10.05.17.48.44_veh-28_00443_00975/stationary_in_traffic/00b076d00ce85366/trajectory.gz,8
2021.10.05.17.48.44_veh-28_00443_00975,stationary_in_traffic,2021.10.05.17.48.44_veh-28_00443_00975/stationary_in_traffic/07d6c3afb9325d06/trajectory.gz,8
2021.10.05.17.48.44_veh-28_00443_00975,stationary_in_traffic,2021.10.05.17.48.44_veh-28_00443_00975/stationary_in_traffic/5f7531fb26bf5d09/trajectory.gz,8
2021.10.05.17.48.44_veh-28_00443_00975,stationary_in_traffic,2021.10.05.17.48.44_veh-28_00443_00975/stationary_in_traffic/d13aa11e4cf352be/trajectory.gz,8
2021.10.05.17.48.44_veh-28_00443_00975,traversing_traffic_light_intersection,2021.10.05.17.48.44_veh-28_00443_00975/traversing_traffic_light_intersection/0b9212d4e93c5235/trajectory.gz,8
2021.10.05.17.48.44_veh-28_00443_00975,traversing_traffic_light_intersection,2021.10.05.17.48.44_veh-28_00443_00975/traversing_traffic_light_intersection/34e10b1d25675da0/trajectory.gz,8
2021.10.05.17.48.44_veh-28_01304_01652,traversing_intersection,2021.10.05.17.48.44_veh-28_01304_01652/traversing_intersection/9998f624cabe5d39/trajectory.gz,8
2021.10.05.18.36.26_veh-28_00696_01123,high_magnitude_speed,2021.10.05.18.36.26_veh-28_00696_01123/high_magnitude_speed/554acaab3484586b/trajectory.gz,8
2021.10.05.18.36.26_veh-28_00696_01123,stationary,2021.10.05.18.36.26_veh-28_00696_01123/stationary/b34c0314da66563a/trajectory.gz,8
2021.10.05.18.36.26_veh-28_00696_01123,traversing_traffic_light_intersection,2021.10.05.18.36.26_veh-28_00696_01123/traversing_traffic_light_intersection/861fb8d2d828515e/trajectory.gz,8
2021.10.05.18.36.26_veh-28_01145_01432,traversing_traffic_light_intersection,2021.10.05.18.36.26_veh-28_01145_01432/traversing_traffic_light_intersection/bddb62be34575056/trajectory.gz,8
2021.10.05.19.11.47_veh-28_00908_01256,high_magnitude_speed,2021.10.05.19.11.47_veh-28_00908_01256/high_magnitude_speed/a0aaf64b0a745c13/trajectory.gz,8
2021.10.05.19.11.47_veh-28_00908_01256,medium_magnitude_speed,2021.10.05.19.11.47_veh-28_00908_01256/medium_magnitude_speed/f2b286cca7b554e3/trajectory.gz,8
2021.10.06.14.31.13_veh-28_00981_01226,on_intersection,2021.10.06.14.31.13_veh-28_00981_01226/on_intersection/d04817b9b73d536f/trajectory.gz,8
2021.10.06.14.31.13_veh-28_00981_01226,on_stopline_stop_sign,2021.10.06.14.31.13_veh-28_00981_01226/on_stopline_stop_sign/7432138db1a75942/trajectory.gz,8
2021.10.06.14.31.13_veh-28_00981_01226,traversing_crosswalk,2021.10.06.14.31.13_veh-28_00981_01226/traversing_crosswalk/45dec0027daf506c/trajectory.gz,8
2021.10.06.14.31.13_veh-28_01388_01849,stationary_at_traffic_light_without_lead,2021.10.06.14.31.13_veh-28_01388_01849/stationary_at_traffic_light_without_lead/aca5cd3fa2b557e0/trajectory.gz,8
2021.10.06.14.31.13_veh-28_01388_01849,stationary_at_traffic_light_without_lead,2021.10.06.14.31.13_veh-28_01388_01849/stationary_at_traffic_light_without_lead/b9914aa1d3215e4f/trajectory.gz,8
2021.10.06.17.08.46_veh-28_00651_01030,traversing_traffic_light_intersection,2021.10.06.17.08.46_veh-28_00651_01030/traversing_traffic_light_intersection/40a953876af65588/trajectory.gz,8
2021.10.06.17.08.46_veh-28_00651_01030,traversing_traffic_light_intersection,2021.10.06.17.08.46_veh-28_00651_01030/traversing_traffic_light_intersection/d26f524f07f1581c/trajectory.gz,8
2021.10.06.17.43.07_veh-28_00508_00877,high_magnitude_speed,2021.10.06.17.43.07_veh-28_00508_00877/high_magnitude_speed/ee88f927cf9d5f2c/trajectory.gz,8
2021.10.06.19.27.33_veh-28_00302_00794,high_magnitude_speed,2021.10.06.19.27.33_veh-28_00302_00794/high_magnitude_speed/3bdb390c16d35e1a/trajectory.gz,8
2021.10.06.19.27.33_veh-28_00302_00794,high_magnitude_speed,2021.10.06.19.27.33_veh-28_00302_00794/high_magnitude_speed/d1bbfefd42c05da7/trajectory.gz,8
2021.10.06.19.27.33_veh-28_00302_00794,stationary_at_traffic_light_without_lead,2021.10.06.19.27.33_veh-28_00302_00794/stationary_at_traffic_light_without_lead/ed4229fbfff45bcf/trajectory.gz,8
2021.10.06.19.27.33_veh-28_00805_01736,high_magnitude_speed,2021.10.06.19.27.33_veh-28_00805_01736/high_magnitude_speed/4634d22b609b5993/trajectory.gz,8
2021.10.06.19.27.33_veh-28_00805_01736,near_long_vehicle,2021.10.06.19.27.33_veh-28_00805_01736/near_long_vehicle/c1a1284c3b995fd2/trajectory.gz,8
2021.10.06.19.27.33_veh-28_00805_01736,stationary,2021.10.06.19.27.33_veh-28_00805_01736/stationary/a050e55267f1537a/trajectory.gz,8
2021.10.06.19.27.33_veh-28_00805_01736,stationary,2021.10.06.19.27.33_veh-28_00805_01736/stationary/e9c1d0a783fd5890/trajectory.gz,8
2021.10.06.19.27.33_veh-28_00805_01736,stationary,2021.10.06.19.27.33_veh-28_00805_01736/stationary/f0880250385c58dc/trajectory.gz,8
2021.10.06.19.27.33_veh-28_00805_01736,stationary_at_traffic_light_with_lead,2021.10.06.19.27.33_veh-28_00805_01736/stationary_at_traffic_light_with_lead/84ac619d235554d6/trajectory.gz,8
2021.10.06.19.27.33_veh-28_00805_01736,traversing_traffic_light_intersection,2021.10.06.19.27.33_veh-28_00805_01736/traversing_traffic_light_intersection/71a95a98c0be5d8e/trajectory.gz,8
2021.10.06.19.27.33_veh-28_00805_01736,traversing_traffic_light_intersection,2021.10.06.19.27.33_veh-28_00805_01736/traversing_traffic_light_intersection/8b95dadd509c500b/trajectory.gz,8
2021.10.06.19.27.33_veh-28_00805_01736,traversing_traffic_light_intersection,2021.10.06.19.27.33_veh-28_00805_01736/traversing_traffic_light_intersection/ae8a16dc7da65f17/trajectory.gz,8
2021.10.06.19.27.33_veh-28_00805_01736,traversing_traffic_light_intersection,2021.10.06.19.27.33_veh-28_00805_01736/traversing_traffic_light_intersection/aeadf9bc698a5fc5/trajectory.gz,8
2021.10.06.19.27.33_veh-28_00805_01736,traversing_traffic_light_intersection,2021.10.06.19.27.33_veh-28_00805_01736/traversing_traffic_light_intersection/ccbf46f99f895bd2/trajectory.gz,8
2021.10.08.13.10.02_veh-28_00539_01001,stationary_at_traffic_light_without_lead,2021.10.08.13.10.02_veh-28_00539_01001/stationary_at_traffic_light_without_lead/6b923933167d5cad/trajectory.gz,8
2021.10.08.17.19.32_veh-28_00853_01328,near_long_vehicle,2021.10.08.17.19.32_veh-28_00853_01328/near_long_vehicle/dd8008354e4f5f6f/trajectory.gz,8
2021.10.08.18.26.18_veh-28_00370_00856,low_magnitude_speed,2021.10.08.18.26.18_veh-28_00370_00856/low_magnitude_speed/15284fd56f135df5/trajectory.gz,8
2021.10.08.18.26.18_veh-28_00942_01132,stationary,2021.10.08.18.26.18_veh-28_00942_01132/stationary/4963a556b00c5dcb/trajectory.gz,8
2021.10.11.13.27.07_veh-28_00898_01058,high_magnitude_speed,2021.10.11.13.27.07_veh-28_00898_01058/high_magnitude_speed/7960b217d4a75c7e/trajectory.gz,8
2021.10.11.14.02.47_veh-28_01043_01833,high_magnitude_speed,2021.10.11.14.02.47_veh-28_01043_01833/high_magnitude_speed/5dc0c5da7f075dae/trajectory.gz,8
2021.10.11.14.02.47_veh-28_01043_01833,medium_magnitude_speed,2021.10.11.14.02.47_veh-28_01043_01833/medium_magnitude_speed/00056e4775cb53fb/trajectory.gz,8
2021.10.11.14.02.47_veh-28_01043_01833,medium_magnitude_speed,2021.10.11.14.02.47_veh-28_01043_01833/medium_magnitude_speed/ce34831ef355562b/trajectory.gz,8
2021.10.11.14.02.47_veh-28_01043_01833,on_traffic_light_intersection,2021.10.11.14.02.47_veh-28_01043_01833/on_traffic_light_intersection/6cf9c79716905ab5/trajectory.gz,8
2021.10.11.14.02.47_veh-28_01043_01833,stationary,2021.10.11.14.02.47_veh-28_01043_01833/stationary/b96ee7978fc85cc9/trajectory.gz,8
2021.10.11.14.02.47_veh-28_01043_01833,stationary_at_traffic_light_with_lead,2021.10.11.14.02.47_veh-28_01043_01833/stationary_at_traffic_light_with_lead/0b58eb9c1e6b505a/trajectory.gz,8
2021.10.11.14.02.47_veh-28_01043_01833,stationary_at_traffic_light_with_lead,2021.10.11.14.02.47_veh-28_01043_01833/stationary_at_traffic_light_with_lead/ee1b74551010568a/trajectory.gz,8
2021.10.11.14.02.47_veh-28_01043_01833,traversing_traffic_light_intersection,2021.10.11.14.02.47_veh-28_01043_01833/traversing_traffic_light_intersection/8f4769d5257b5b77/trajectory.gz,8
2021.10.11.14.02.47_veh-28_01043_01833,traversing_traffic_light_intersection,2021.10.11.14.02.47_veh-28_01043_01833/traversing_traffic_light_intersection/9ab1bf36303d52a8/trajectory.gz,8
2021.10.11.14.02.47_veh-28_01043_01833,traversing_traffic_light_intersection,2021.10.11.14.02.47_veh-28_01043_01833/traversing_traffic_light_intersection/a800071063b457e3/trajectory.gz,8
2021.10.11.14.02.47_veh-28_01043_01833,traversing_traffic_light_intersection,2021.10.11.14.02.47_veh-28_01043_01833/traversing_traffic_light_intersection/e950eaf9101e5c7b/trajectory.gz,8
2021.10.11.14.48.58_veh-28_01021_01307,high_magnitude_speed,2021.10.11.14.48.58_veh-28_01021_01307/high_magnitude_speed/363733435e735a3e/trajectory.gz,8
2021.10.11.14.48.58_veh-28_01021_01307,traversing_intersection,2021.10.11.14.48.58_veh-28_01021_01307/traversing_intersection/9b090f58c3c55b8a/trajectory.gz,8
2021.10.11.17.07.38_veh-28_00696_01222,high_magnitude_speed,2021.10.11.17.07.38_veh-28_00696_01222/high_magnitude_speed/eeec204eb8ea58ed/trajectory.gz,8
2021.10.11.17.07.38_veh-28_00696_01222,near_trafficcone_on_driveable,2021.10.11.17.07.38_veh-28_00696_01222/near_trafficcone_on_driveable/f029b67f69e15142/trajectory.gz,8
2021.10.11.17.07.38_veh-28_00696_01222,traversing_intersection,2021.10.11.17.07.38_veh-28_00696_01222/traversing_intersection/f2145311a137534a/trajectory.gz,8
2021.10.11.17.48.54_veh-28_00324_01100,stationary,2021.10.11.17.48.54_veh-28_00324_01100/stationary/3a612bb59e4e52dd/trajectory.gz,8
2021.10.11.17.48.54_veh-28_00324_01100,stationary,2021.10.11.17.48.54_veh-28_00324_01100/stationary/cc7c49a752e3555f/trajectory.gz,8
2021.10.11.17.48.54_veh-28_00324_01100,stationary,2021.10.11.17.48.54_veh-28_00324_01100/stationary/cdc557e2d18b5d06/trajectory.gz,8
2021.10.11.17.48.54_veh-28_00324_01100,stationary_in_traffic,2021.10.11.17.48.54_veh-28_00324_01100/stationary_in_traffic/1ae4c1b2569e5b27/trajectory.gz,8
2021.10.11.18.33.55_veh-28_01718_01793,high_magnitude_speed,2021.10.11.18.33.55_veh-28_01718_01793/high_magnitude_speed/90c0a3615a4e5fb6/trajectory.gz,8
2021.10.11.19.09.48_veh-28_00797_01414,stationary,2021.10.11.19.09.48_veh-28_00797_01414/stationary/17a9248f82675e0c/trajectory.gz,8
2021.10.11.19.09.48_veh-28_00797_01414,stationary,2021.10.11.19.09.48_veh-28_00797_01414/stationary/f59f746046305dd3/trajectory.gz,8
2021.10.11.19.09.48_veh-28_00797_01414,stationary,2021.10.11.19.09.48_veh-28_00797_01414/stationary/f9b174c6a9cd5529/trajectory.gz,8
2021.10.12.13.17.59_veh-28_01226_01438,near_pedestrian_on_crosswalk,2021.10.12.13.17.59_veh-28_01226_01438/near_pedestrian_on_crosswalk/2af0c7c588175d1e/trajectory.gz,8
2021.10.12.18.48.46_veh-28_00279_00503,stationary,2021.10.12.18.48.46_veh-28_00279_00503/stationary/356b06d4131a5292/trajectory.gz,8
2021.10.12.18.48.46_veh-28_00279_00503,stationary_at_traffic_light_without_lead,2021.10.12.18.48.46_veh-28_00279_00503/stationary_at_traffic_light_without_lead/21c501d1ad9d5d1a/trajectory.gz,8
2021.10.12.18.48.46_veh-28_00592_00940,traversing_traffic_light_intersection,2021.10.12.18.48.46_veh-28_00592_00940/traversing_traffic_light_intersection/c7de1a73d1c0527d/trajectory.gz,8
2021.10.12.19.20.46_veh-28_00644_00868,medium_magnitude_speed,2021.10.12.19.20.46_veh-28_00644_00868/medium_magnitude_speed/f3cebce3ae585dc6/trajectory.gz,8
2021.10.13.14.40.14_veh-28_00773_01033,near_trafficcone_on_driveable,2021.10.13.14.40.14_veh-28_00773_01033/near_trafficcone_on_driveable/b085d9b785ba5df8/trajectory.gz,8
2021.10.13.14.40.14_veh-28_01257_01470,traversing_intersection,2021.10.13.14.40.14_veh-28_01257_01470/traversing_intersection/668fda3c126f56d4/trajectory.gz,8
2021.10.13.17.10.30_veh-28_00553_01312,high_magnitude_speed,2021.10.13.17.10.30_veh-28_00553_01312/high_magnitude_speed/03ef97798d115530/trajectory.gz,8
2021.10.13.17.10.30_veh-28_00553_01312,stationary_at_traffic_light_without_lead,2021.10.13.17.10.30_veh-28_00553_01312/stationary_at_traffic_light_without_lead/0674a7bc19d75291/trajectory.gz,8
2021.10.13.17.10.30_veh-28_00553_01312,stationary_at_traffic_light_without_lead,2021.10.13.17.10.30_veh-28_00553_01312/stationary_at_traffic_light_without_lead/fa112c3fd39e5af8/trajectory.gz,8
2021.10.13.17.44.34_veh-28_00436_00735,medium_magnitude_speed,2021.10.13.17.44.34_veh-28_00436_00735/medium_magnitude_speed/c703d99f0b255c76/trajectory.gz,8
2021.10.13.17.44.34_veh-28_01087_01430,on_traffic_light_intersection,2021.10.13.17.44.34_veh-28_01087_01430/on_traffic_light_intersection/44faf73356305e7e/trajectory.gz,8
2021.10.13.18.27.19_veh-28_00413_00637,medium_magnitude_speed,2021.10.13.18.27.19_veh-28_00413_00637/medium_magnitude_speed/2be0a813677d5fd0/trajectory.gz,8
2021.10.13.18.27.19_veh-28_00413_00637,near_multiple_vehicles,2021.10.13.18.27.19_veh-28_00413_00637/near_multiple_vehicles/524fe292ca465cad/trajectory.gz,8
2021.10.13.18.27.19_veh-28_00720_01088,near_long_vehicle,2021.10.13.18.27.19_veh-28_00720_01088/near_long_vehicle/09420e838eb55d7a/trajectory.gz,8
2021.10.13.18.27.19_veh-28_00720_01088,stationary,2021.10.13.18.27.19_veh-28_00720_01088/stationary/2e73631462d154fb/trajectory.gz,8
2021.10.13.18.27.19_veh-28_00720_01088,stationary,2021.10.13.18.27.19_veh-28_00720_01088/stationary/cfa925e194b55986/trajectory.gz,8
2021.10.13.19.04.40_veh-28_00805_01264,stationary,2021.10.13.19.04.40_veh-28_00805_01264/stationary/c6ae60f73c605ca9/trajectory.gz,8
2021.10.13.19.04.40_veh-28_00805_01264,stationary,2021.10.13.19.04.40_veh-28_00805_01264/stationary/d5e6cf541ac15ce0/trajectory.gz,8
2021.10.13.19.37.51_veh-28_00289_00909,low_magnitude_speed,2021.10.13.19.37.51_veh-28_00289_00909/low_magnitude_speed/8e4d370f657e52d0/trajectory.gz,8
2021.10.13.19.37.51_veh-28_00289_00909,stationary_in_traffic,2021.10.13.19.37.51_veh-28_00289_00909/stationary_in_traffic/36bb6ff4dd4656c5/trajectory.gz,8
2021.10.14.14.14.08_veh-28_01089_01616,stationary_in_traffic,2021.10.14.14.14.08_veh-28_01089_01616/stationary_in_traffic/301d0ab81f4c52e1/trajectory.gz,8
2021.10.14.14.50.40_veh-28_00420_00732,stationary,2021.10.14.14.50.40_veh-28_00420_00732/stationary/02a6412c187157ec/trajectory.gz,8
2021.10.14.17.47.55_veh-28_00484_01094,high_lateral_acceleration,2021.10.14.17.47.55_veh-28_00484_01094/high_lateral_acceleration/71d8f873c2c753dd/trajectory.gz,8
2021.10.14.17.47.55_veh-28_00484_01094,high_magnitude_speed,2021.10.14.17.47.55_veh-28_00484_01094/high_magnitude_speed/6193197242885bc0/trajectory.gz,8
2021.10.14.17.47.55_veh-28_00484_01094,medium_magnitude_speed,2021.10.14.17.47.55_veh-28_00484_01094/medium_magnitude_speed/52088c53d7ab5066/trajectory.gz,8
2021.10.14.17.47.55_veh-28_00484_01094,stationary,2021.10.14.17.47.55_veh-28_00484_01094/stationary/2d02b88ea3f75b6f/trajectory.gz,8
2021.10.14.17.47.55_veh-28_00484_01094,stationary,2021.10.14.17.47.55_veh-28_00484_01094/stationary/88cd7007893855b4/trajectory.gz,8
2021.10.14.17.47.55_veh-28_00484_01094,traversing_intersection,2021.10.14.17.47.55_veh-28_00484_01094/traversing_intersection/d4293634d2b75d05/trajectory.gz,8
2021.10.14.18.43.44_veh-28_00359_00588,high_magnitude_speed,2021.10.14.18.43.44_veh-28_00359_00588/high_magnitude_speed/94b867811b95592d/trajectory.gz,8
2021.10.14.18.43.44_veh-28_00724_00948,near_pedestrian_on_crosswalk,2021.10.14.18.43.44_veh-28_00724_00948/near_pedestrian_on_crosswalk/c675ff4a84d25dbe/trajectory.gz,8
2021.10.14.18.43.44_veh-28_00724_00948,stationary_at_traffic_light_without_lead,2021.10.14.18.43.44_veh-28_00724_00948/stationary_at_traffic_light_without_lead/0e2ea574f0265e40/trajectory.gz,8
2021.10.14.19.26.26_veh-28_01274_01600,on_stopline_stop_sign,2021.10.14.19.26.26_veh-28_01274_01600/on_stopline_stop_sign/dadbf8bdf2e25a48/trajectory.gz,8
2021.10.15.12.13.23_veh-28_00433_00606,high_magnitude_speed,2021.10.15.12.13.23_veh-28_00433_00606/high_magnitude_speed/b4ef9259f5da5bc3/trajectory.gz,8
2021.10.15.12.13.23_veh-28_01474_01632,traversing_intersection,2021.10.15.12.13.23_veh-28_01474_01632/traversing_intersection/bb4cd7fcf4b05737/trajectory.gz,8
2021.10.15.12.13.23_veh-28_01474_01632,traversing_intersection,2021.10.15.12.13.23_veh-28_01474_01632/traversing_intersection/bface46027a351cc/trajectory.gz,8
2021.10.15.18.45.04_veh-28_00454_01105,high_magnitude_speed,2021.10.15.18.45.04_veh-28_00454_01105/high_magnitude_speed/b3161bac5d685c74/trajectory.gz,8
2021.10.15.18.45.04_veh-28_00454_01105,near_multiple_vehicles,2021.10.15.18.45.04_veh-28_00454_01105/near_multiple_vehicles/e85739537cf05c5a/trajectory.gz,8
2021.10.15.18.45.04_veh-28_00454_01105,stationary_at_traffic_light_without_lead,2021.10.15.18.45.04_veh-28_00454_01105/stationary_at_traffic_light_without_lead/37fe1490d7f3538f/trajectory.gz,8
2021.10.15.18.45.04_veh-28_00454_01105,stationary_at_traffic_light_without_lead,2021.10.15.18.45.04_veh-28_00454_01105/stationary_at_traffic_light_without_lead/5adc2753745759c8/trajectory.gz,8
2021.10.15.18.45.04_veh-28_00454_01105,stationary_in_traffic,2021.10.15.18.45.04_veh-28_00454_01105/stationary_in_traffic/6168406484975752/trajectory.gz,8
2021.10.15.18.45.04_veh-28_00454_01105,traversing_traffic_light_intersection,2021.10.15.18.45.04_veh-28_00454_01105/traversing_traffic_light_intersection/545d82ce835f57e1/trajectory.gz,8
2021.10.18.12.56.18_veh-28_00546_01154,near_trafficcone_on_driveable,2021.10.18.12.56.18_veh-28_00546_01154/near_trafficcone_on_driveable/0c1ed1f501a25aa1/trajectory.gz,8
2021.10.18.12.56.18_veh-28_00546_01154,stationary_at_traffic_light_with_lead,2021.10.18.12.56.18_veh-28_00546_01154/stationary_at_traffic_light_with_lead/3b8d8fd77b0d5395/trajectory.gz,8
2021.10.18.13.41.04_veh-28_00255_00488,stationary,2021.10.18.13.41.04_veh-28_00255_00488/stationary/ba809e79a19657eb/trajectory.gz,8
2021.10.18.13.41.04_veh-28_00255_00488,traversing_intersection,2021.10.18.13.41.04_veh-28_00255_00488/traversing_intersection/c4b1e91d92c1559c/trajectory.gz,8
2021.10.18.13.41.04_veh-28_00499_01010,high_magnitude_speed,2021.10.18.13.41.04_veh-28_00499_01010/high_magnitude_speed/9e52d9a5c59c5dab/trajectory.gz,8
2021.10.18.13.41.04_veh-28_01565_02090,high_magnitude_speed,2021.10.18.13.41.04_veh-28_01565_02090/high_magnitude_speed/f8631b6434d7598d/trajectory.gz,8
2021.10.18.13.41.04_veh-28_01565_02090,stationary,2021.10.18.13.41.04_veh-28_01565_02090/stationary/aac774810dbc5504/trajectory.gz,8
2021.10.18.13.41.04_veh-28_01565_02090,stationary_at_traffic_light_with_lead,2021.10.18.13.41.04_veh-28_01565_02090/stationary_at_traffic_light_with_lead/0b6cc79470c65967/trajectory.gz,8
2021.10.18.13.41.04_veh-28_01565_02090,traversing_intersection,2021.10.18.13.41.04_veh-28_01565_02090/traversing_intersection/cd135d545f0c5d41/trajectory.gz,8
2021.10.18.14.24.40_veh-28_00038_00420,stationary,2021.10.18.14.24.40_veh-28_00038_00420/stationary/4bf9f2ea23e45ac0/trajectory.gz,8
2021.10.18.14.24.40_veh-28_00038_00420,traversing_intersection,2021.10.18.14.24.40_veh-28_00038_00420/traversing_intersection/7faefb1fbc4f5ac6/trajectory.gz,8
2021.10.18.14.24.40_veh-28_00038_00420,traversing_intersection,2021.10.18.14.24.40_veh-28_00038_00420/traversing_intersection/ffd9826199195d14/trajectory.gz,8
2021.10.18.14.24.40_veh-28_00613_00808,traversing_intersection,2021.10.18.14.24.40_veh-28_00613_00808/traversing_intersection/ffd4a743c41c51d3/trajectory.gz,8
2021.10.18.14.24.40_veh-28_01167_01603,near_trafficcone_on_driveable,2021.10.18.14.24.40_veh-28_01167_01603/near_trafficcone_on_driveable/0dc483c96407518c/trajectory.gz,8
2021.10.18.14.24.40_veh-28_01167_01603,stationary_at_traffic_light_with_lead,2021.10.18.14.24.40_veh-28_01167_01603/stationary_at_traffic_light_with_lead/12865ba65b9d529e/trajectory.gz,8
2021.10.18.14.24.40_veh-28_01167_01603,stationary_at_traffic_light_with_lead,2021.10.18.14.24.40_veh-28_01167_01603/stationary_at_traffic_light_with_lead/9928ebcfcc9c59cf/trajectory.gz,8
2021.10.18.14.24.40_veh-28_01167_01603,traversing_traffic_light_intersection,2021.10.18.14.24.40_veh-28_01167_01603/traversing_traffic_light_intersection/21f8c1f09cde5f37/trajectory.gz,8
2021.10.18.14.24.40_veh-28_01167_01603,traversing_traffic_light_intersection,2021.10.18.14.24.40_veh-28_01167_01603/traversing_traffic_light_intersection/bdf266b25ec95176/trajectory.gz,8
2021.10.18.15.36.48_veh-28_00027_00262,high_magnitude_speed,2021.10.18.15.36.48_veh-28_00027_00262/high_magnitude_speed/6726bddc85ee55c7/trajectory.gz,8
2021.10.18.15.36.48_veh-28_00951_01329,stationary,2021.10.18.15.36.48_veh-28_00951_01329/stationary/271bca15335f57e3/trajectory.gz,8
2021.10.18.15.36.48_veh-28_00951_01329,stationary,2021.10.18.15.36.48_veh-28_00951_01329/stationary/69003c288c8457b3/trajectory.gz,8
2021.10.18.15.36.48_veh-28_00951_01329,stationary,2021.10.18.15.36.48_veh-28_00951_01329/stationary/c11479fa503b5c4e/trajectory.gz,8
2021.10.18.15.36.48_veh-28_01461_01619,traversing_intersection,2021.10.18.15.36.48_veh-28_01461_01619/traversing_intersection/188af8ca08085e0e/trajectory.gz,8
2021.10.18.15.36.48_veh-28_01461_01619,traversing_intersection,2021.10.18.15.36.48_veh-28_01461_01619/traversing_intersection/f51ae6f483b95d78/trajectory.gz,8
2021.10.18.17.49.44_veh-28_00338_00892,stationary,2021.10.18.17.49.44_veh-28_00338_00892/stationary/63151f43789c57a9/trajectory.gz,8
2021.10.18.17.49.44_veh-28_00338_00892,stationary_at_traffic_light_without_lead,2021.10.18.17.49.44_veh-28_00338_00892/stationary_at_traffic_light_without_lead/2bd738574c6656ea/trajectory.gz,8
2021.10.18.17.49.44_veh-28_01112_01331,high_magnitude_speed,2021.10.18.17.49.44_veh-28_01112_01331/high_magnitude_speed/1a61bbc84f8c5d77/trajectory.gz,8
2021.10.18.17.49.44_veh-28_01112_01331,high_magnitude_speed,2021.10.18.17.49.44_veh-28_01112_01331/high_magnitude_speed/b28bbf710c1a5a34/trajectory.gz,8
2021.10.18.17.49.44_veh-28_01112_01331,traversing_intersection,2021.10.18.17.49.44_veh-28_01112_01331/traversing_intersection/32099f74d3185225/trajectory.gz,8
2021.10.18.18.22.08_veh-28_01420_01652,stationary,2021.10.18.18.22.08_veh-28_01420_01652/stationary/37d193ccdb685851/trajectory.gz,8
2021.10.18.18.22.08_veh-28_01420_01652,traversing_intersection,2021.10.18.18.22.08_veh-28_01420_01652/traversing_intersection/9a767fa9be855fae/trajectory.gz,8
2021.10.18.18.22.08_veh-28_01420_01652,traversing_traffic_light_intersection,2021.10.18.18.22.08_veh-28_01420_01652/traversing_traffic_light_intersection/415812cc201455eb/trajectory.gz,8
2021.10.18.18.54.22_veh-28_01159_01427,medium_magnitude_speed,2021.10.18.18.54.22_veh-28_01159_01427/medium_magnitude_speed/73a2ea52b43a504e/trajectory.gz,8
2021.10.19.12.30.06_veh-28_00409_00714,high_magnitude_speed,2021.10.19.12.30.06_veh-28_00409_00714/high_magnitude_speed/8b4b3dcd72b6586c/trajectory.gz,8
2021.10.19.12.30.06_veh-28_01419_01628,near_multiple_vehicles,2021.10.19.12.30.06_veh-28_01419_01628/near_multiple_vehicles/be652f6588335610/trajectory.gz,8
2021.10.19.14.15.34_veh-28_00507_00747,high_magnitude_speed,2021.10.19.14.15.34_veh-28_00507_00747/high_magnitude_speed/abd8755082995147/trajectory.gz,8
2021.10.19.14.15.34_veh-28_00507_00747,traversing_intersection,2021.10.19.14.15.34_veh-28_00507_00747/traversing_intersection/a3e95d2d68c35049/trajectory.gz,8
2021.10.19.14.15.34_veh-28_01098_01398,high_magnitude_speed,2021.10.19.14.15.34_veh-28_01098_01398/high_magnitude_speed/8d191a7b62735649/trajectory.gz,8
2021.10.19.18.09.44_veh-28_00493_01040,stationary,2021.10.19.18.09.44_veh-28_00493_01040/stationary/987f96f5375857d1/trajectory.gz,8
2021.10.19.18.09.44_veh-28_00493_01040,stationary_at_traffic_light_without_lead,2021.10.19.18.09.44_veh-28_00493_01040/stationary_at_traffic_light_without_lead/17f03661c83b5894/trajectory.gz,8
2021.10.19.18.09.44_veh-28_00493_01040,stationary_at_traffic_light_without_lead,2021.10.19.18.09.44_veh-28_00493_01040/stationary_at_traffic_light_without_lead/8eb021d755625fc6/trajectory.gz,8
2021.10.19.18.09.44_veh-28_00493_01040,stationary_at_traffic_light_without_lead,2021.10.19.18.09.44_veh-28_00493_01040/stationary_at_traffic_light_without_lead/f4d7cd1968ee57eb/trajectory.gz,8
2021.10.19.18.09.44_veh-28_00493_01040,stationary_in_traffic,2021.10.19.18.09.44_veh-28_00493_01040/stationary_in_traffic/622f7fbe4b9f5f09/trajectory.gz,8
2021.10.19.19.24.01_veh-28_00585_01045,high_magnitude_speed,2021.10.19.19.24.01_veh-28_00585_01045/high_magnitude_speed/37caafa47a5c58e6/trajectory.gz,8
2021.10.19.19.24.01_veh-28_00585_01045,stationary_at_traffic_light_with_lead,2021.10.19.19.24.01_veh-28_00585_01045/stationary_at_traffic_light_with_lead/04607a24097e523c/trajectory.gz,8
2021.10.19.19.24.01_veh-28_00585_01045,stationary_at_traffic_light_with_lead,2021.10.19.19.24.01_veh-28_00585_01045/stationary_at_traffic_light_with_lead/d80d7a766b8b58d7/trajectory.gz,8
2021.10.19.19.24.01_veh-28_01109_01342,following_lane_without_lead,2021.10.19.19.24.01_veh-28_01109_01342/following_lane_without_lead/b5bb8d61247959e6/trajectory.gz,8
2021.10.20.13.30.37_veh-28_00981_01845,stationary_at_traffic_light_with_lead,2021.10.20.13.30.37_veh-28_00981_01845/stationary_at_traffic_light_with_lead/70d83d65dbe55de7/trajectory.gz,8
2021.10.20.13.30.37_veh-28_00981_01845,stationary_at_traffic_light_without_lead,2021.10.20.13.30.37_veh-28_00981_01845/stationary_at_traffic_light_without_lead/371c35bdf473551f/trajectory.gz,8
2021.10.20.13.30.37_veh-28_00981_01845,stationary_at_traffic_light_without_lead,2021.10.20.13.30.37_veh-28_00981_01845/stationary_at_traffic_light_without_lead/f8b0716d03105696/trajectory.gz,8
2021.10.20.13.30.37_veh-28_00981_01845,stationary_in_traffic,2021.10.20.13.30.37_veh-28_00981_01845/stationary_in_traffic/3743604224c85ae9/trajectory.gz,8
2021.10.20.13.30.37_veh-28_01869_02031,traversing_traffic_light_intersection,2021.10.20.13.30.37_veh-28_01869_02031/traversing_traffic_light_intersection/1d875379f38f5c68/trajectory.gz,8
2021.10.20.17.01.17_veh-28_01324_01584,high_magnitude_speed,2021.10.20.17.01.17_veh-28_01324_01584/high_magnitude_speed/58545797ea0d5a41/trajectory.gz,8
2021.10.20.17.01.17_veh-28_01324_01584,near_pedestrian_on_crosswalk,2021.10.20.17.01.17_veh-28_01324_01584/near_pedestrian_on_crosswalk/ec840970f1225b8c/trajectory.gz,8
2021.10.20.17.36.18_veh-28_00267_00482,medium_magnitude_speed,2021.10.20.17.36.18_veh-28_00267_00482/medium_magnitude_speed/c00d8c2428d15466/trajectory.gz,8
2021.10.20.17.36.18_veh-28_00267_00482,stationary,2021.10.20.17.36.18_veh-28_00267_00482/stationary/149939d0286d571e/trajectory.gz,8
2021.10.20.17.36.18_veh-28_00267_00482,stationary,2021.10.20.17.36.18_veh-28_00267_00482/stationary/ea1dd837a5bf5f28/trajectory.gz,8
2021.10.20.17.36.18_veh-28_00267_00482,stationary,2021.10.20.17.36.18_veh-28_00267_00482/stationary/f1439e94725f5fe6/trajectory.gz,8
2021.10.20.18.10.22_veh-28_01488_01597,high_magnitude_speed,2021.10.20.18.10.22_veh-28_01488_01597/high_magnitude_speed/bb9c05d6a07f5fd3/trajectory.gz,8
2021.10.20.18.47.18_veh-28_00054_00262,medium_magnitude_speed,2021.10.20.18.47.18_veh-28_00054_00262/medium_magnitude_speed/a425cf40ede05e27/trajectory.gz,8
2021.10.20.18.47.18_veh-28_00487_01210,on_traffic_light_intersection,2021.10.20.18.47.18_veh-28_00487_01210/on_traffic_light_intersection/49703ad1e05e5ec8/trajectory.gz,8
2021.10.20.18.47.18_veh-28_00487_01210,stationary,2021.10.20.18.47.18_veh-28_00487_01210/stationary/907f2d4d6d005b0c/trajectory.gz,8
2021.10.20.18.47.18_veh-28_00487_01210,stationary,2021.10.20.18.47.18_veh-28_00487_01210/stationary/bcb1303f209750ff/trajectory.gz,8
2021.10.20.18.47.18_veh-28_00487_01210,stationary_in_traffic,2021.10.20.18.47.18_veh-28_00487_01210/stationary_in_traffic/abfc729d0ec4561b/trajectory.gz,8
2021.10.20.19.25.14_veh-28_00450_00992,near_trafficcone_on_driveable,2021.10.20.19.25.14_veh-28_00450_00992/near_trafficcone_on_driveable/98c6584a203e5526/trajectory.gz,8
2021.10.20.19.25.14_veh-28_01438_01646,stationary_at_traffic_light_without_lead,2021.10.20.19.25.14_veh-28_01438_01646/stationary_at_traffic_light_without_lead/5c9e29bfc15b5a0f/trajectory.gz,8
2021.10.21.13.54.43_veh-28_00715_00864,near_long_vehicle,2021.10.21.13.54.43_veh-28_00715_00864/near_long_vehicle/60ba59d020375351/trajectory.gz,8
2021.10.21.13.54.43_veh-28_02119_02489,stationary_at_traffic_light_without_lead,2021.10.21.13.54.43_veh-28_02119_02489/stationary_at_traffic_light_without_lead/6e061df00c935f87/trajectory.gz,8
2021.10.21.13.54.43_veh-28_02119_02489,traversing_traffic_light_intersection,2021.10.21.13.54.43_veh-28_02119_02489/traversing_traffic_light_intersection/2260dc2cc29f50ee/trajectory.gz,8
2021.10.21.14.43.30_veh-28_00005_00459,stationary_at_traffic_light_with_lead,2021.10.21.14.43.30_veh-28_00005_00459/stationary_at_traffic_light_with_lead/ead084269651582a/trajectory.gz,8
2021.10.21.14.43.30_veh-28_00005_00459,stationary_in_traffic,2021.10.21.14.43.30_veh-28_00005_00459/stationary_in_traffic/47754eee0a73589b/trajectory.gz,8
2021.10.21.14.43.30_veh-28_00712_01070,stationary,2021.10.21.14.43.30_veh-28_00712_01070/stationary/fff204bdfcea5245/trajectory.gz,8
2021.10.21.14.43.30_veh-28_02383_02657,traversing_intersection,2021.10.21.14.43.30_veh-28_02383_02657/traversing_intersection/be60d9312ff1545e/trajectory.gz,8
2021.10.21.14.43.30_veh-28_02383_02657,traversing_intersection,2021.10.21.14.43.30_veh-28_02383_02657/traversing_intersection/f714e404eb1d56ac/trajectory.gz,8
2021.10.21.17.08.25_veh-28_00521_00992,stationary,2021.10.21.17.08.25_veh-28_00521_00992/stationary/fd03bf50bee158c3/trajectory.gz,8
2021.10.21.17.08.25_veh-28_00521_00992,traversing_traffic_light_intersection,2021.10.21.17.08.25_veh-28_00521_00992/traversing_traffic_light_intersection/f6e535d3d0ac5509/trajectory.gz,8
2021.10.21.17.58.39_veh-28_00737_01054,on_traffic_light_intersection,2021.10.21.17.58.39_veh-28_00737_01054/on_traffic_light_intersection/9f6a5e7dd80a55e9/trajectory.gz,8
2021.10.21.17.58.39_veh-28_00737_01054,stationary_at_traffic_light_without_lead,2021.10.21.17.58.39_veh-28_00737_01054/stationary_at_traffic_light_without_lead/0bf539eb9e0a50fa/trajectory.gz,8
2021.10.21.17.58.39_veh-28_00737_01054,traversing_traffic_light_intersection,2021.10.21.17.58.39_veh-28_00737_01054/traversing_traffic_light_intersection/40e92f45e0d5509c/trajectory.gz,8
2021.10.21.19.07.24_veh-28_00256_00470,on_stopline_crosswalk,2021.10.21.19.07.24_veh-28_00256_00470/on_stopline_crosswalk/769a47462709535c/trajectory.gz,8
2021.10.21.19.07.24_veh-28_00256_00470,stationary_at_traffic_light_with_lead,2021.10.21.19.07.24_veh-28_00256_00470/stationary_at_traffic_light_with_lead/1acba90885c05327/trajectory.gz,8
2021.10.21.19.07.24_veh-28_00571_01295,on_intersection,2021.10.21.19.07.24_veh-28_00571_01295/on_intersection/2e4c916486245dd1/trajectory.gz,8
2021.10.21.19.07.24_veh-28_01348_01685,stationary,2021.10.21.19.07.24_veh-28_01348_01685/stationary/9f63a9b71f505a2e/trajectory.gz,8
2021.10.21.19.07.24_veh-28_01348_01685,stationary_at_traffic_light_without_lead,2021.10.21.19.07.24_veh-28_01348_01685/stationary_at_traffic_light_without_lead/fecc7ead7f8b5963/trajectory.gz,8
2021.10.21.19.40.48_veh-28_00375_00823,traversing_traffic_light_intersection,2021.10.21.19.40.48_veh-28_00375_00823/traversing_traffic_light_intersection/eaddde07d3d95098/trajectory.gz,8
2021.10.21.19.40.48_veh-28_00834_01565,high_magnitude_speed,2021.10.21.19.40.48_veh-28_00834_01565/high_magnitude_speed/ffb1b3f1c0f3529d/trajectory.gz,8
2021.10.21.19.40.48_veh-28_00834_01565,medium_magnitude_speed,2021.10.21.19.40.48_veh-28_00834_01565/medium_magnitude_speed/b79db93c59f45568/trajectory.gz,8
2021.10.21.19.40.48_veh-28_00834_01565,stationary,2021.10.21.19.40.48_veh-28_00834_01565/stationary/865663ebaeb158a4/trajectory.gz,8
2021.10.21.19.40.48_veh-28_00834_01565,traversing_crosswalk,2021.10.21.19.40.48_veh-28_00834_01565/traversing_crosswalk/2486a3db4ad45680/trajectory.gz,8
2021.10.21.19.40.48_veh-28_00834_01565,traversing_traffic_light_intersection,2021.10.21.19.40.48_veh-28_00834_01565/traversing_traffic_light_intersection/0055d1703e1a53fd/trajectory.gz,8
2021.10.22.13.52.39_veh-28_00297_00438,stationary_at_traffic_light_without_lead,2021.10.22.13.52.39_veh-28_00297_00438/stationary_at_traffic_light_without_lead/89b275409ae05c3d/trajectory.gz,8
2021.10.22.13.52.39_veh-28_01390_01584,on_stopline_crosswalk,2021.10.22.13.52.39_veh-28_01390_01584/on_stopline_crosswalk/37843edabeb75561/trajectory.gz,8
2021.10.22.13.52.39_veh-28_01390_01584,traversing_intersection,2021.10.22.13.52.39_veh-28_01390_01584/traversing_intersection/9c715eafcfa35d49/trajectory.gz,8
2021.10.22.14.58.40_veh-28_00727_01359,stationary,2021.10.22.14.58.40_veh-28_00727_01359/stationary/34a85b8b41a85b5a/trajectory.gz,8
2021.10.22.14.58.40_veh-28_00727_01359,stationary,2021.10.22.14.58.40_veh-28_00727_01359/stationary/c4e893569b2d5015/trajectory.gz,8
2021.10.22.14.58.40_veh-28_00727_01359,stationary,2021.10.22.14.58.40_veh-28_00727_01359/stationary/ecdbddf16ada59f8/trajectory.gz,8
2021.10.22.18.02.31_veh-28_01717_02099,near_trafficcone_on_driveable,2021.10.22.18.02.31_veh-28_01717_02099/near_trafficcone_on_driveable/12512fca9dfb5d96/trajectory.gz,8
2021.10.22.18.02.31_veh-28_01717_02099,near_trafficcone_on_driveable,2021.10.22.18.02.31_veh-28_01717_02099/near_trafficcone_on_driveable/1bde75c9f77b50d1/trajectory.gz,8
2021.10.22.18.45.52_veh-28_00313_00628,stationary_at_traffic_light_with_lead,2021.10.22.18.45.52_veh-28_00313_00628/stationary_at_traffic_light_with_lead/288dbbdbc24f5ee5/trajectory.gz,8
2021.10.22.18.45.52_veh-28_00313_00628,stationary_at_traffic_light_with_lead,2021.10.22.18.45.52_veh-28_00313_00628/stationary_at_traffic_light_with_lead/f4ef01c27efa5c71/trajectory.gz,8
